a9fb565e-4f48-3d8f-b1fe-8a17a823926d,-M-,Qui de nous deux,224380
93340e7b-987b-3e1e-b8fb-aadb72d388d7,3OH!3,Starstrukk (feat. Katy Perry),203126
27863c19-6299-3e6a-92a0-218f8d83a6d4,3OH!3,STARSTRUKK (feat. KATYPERRY),203000
a73bfe2f-b8e0-3acd-973b-d0f4c870d574,5'NIZZA,Немае куль,169613
1dea00fd-3d69-31a0-8ee1-c953f2159c3c,5'NIZZA,Свобода,183507
e2fbedaa-4cdf-3ee4-b3d6-68bb14ac3fb3,5'NIZZA,Стрела,128429
4f72a92c-ee41-3022-99ca-dea515b5f52a,5'NIZZA,Ты кидал,186711
96863bde-6337-3592-ab3a-af150e6c3ca8,5'NIZZA,Ушедшим слишком рано,208561
71f648aa-9f52-3599-81a1-ac44600a56bb,5'NIZZA,Я с тобой,250682
b98811b8-1acc-3254-8e20-0eee08fac09c,5’Nizza,Весна,253857
d5712602-506a-3afb-a32f-8483d98c2452,5’Nizza,Нева,291422
6c14ac55-5cdc-3091-b832-4a2008fd250d,5’Nizza,Солдат,192653
7d4f7c80-7a8d-36df-8b13-435993f76faf,8 Bit Universe,Feel Good Inc (8 Bit Version),221000
4fe31a7c-cfe2-3a1b-9fd2-fd15346e2982,a-ha,Take On Me,228000
dc49f811-59d2-3755-84a2-e8a036c02d52,Alain Souchon,Foule sentimentale,324908
e6ca55e8-22c9-32cc-b57b-7a0ce52df5a0,Alice Cooper,Poison,270000
cdbeb46f-8a2b-30b7-8547-cd9a28b5708f,All Saints,Pure Shores,269557
f25f16ec-1acd-334c-9b56-6dd4eeeec603,Alla Farmer,Circus (Original Mix),385000
cb417ac8-98f3-3a67-a579-f4a171f5ae16,Allegaeon,1.618,258000
a30726f4-7330-32ec-bba6-102f1b6ff10b,Amaranthe,Drop Dead Cynical,197877
177f81b9-8061-340b-9405-9a0f69dfdc75,Amberian Dawn,Cherish My Memory,259000
4b6cf8cf-b8c2-3048-98cd-ad3a2c38946c,Ame Caleen,A demi-nue (Space Morisson Radio Edit),190000
7eca4235-0335-38c5-bdd3-f7cf8d011189,Amorphis,Alone,378119
22e39865-b0df-3187-88c0-e20295cc113b,Amorphis,Black Winter Day,230894
70ca1bda-2e9c-3a1a-9365-d8459d48e61f,Amorphis,Black Winter Day,230894
66d5af5f-0ae0-3d5e-97da-041c771e9614,Amorphis,Drowned Maid,262002
f06a6eb9-4e04-34ff-bcd7-3ec65a57fb48,Amorphis,House of Sleep,255000
f7b908ac-1eac-3032-ae01-4e59591f444f,Amorphis,Light My Fire,172694
605f80b3-9c10-302d-bad4-90007fd329ba,Amorphis,Relief,249258
dc9761ba-a8e2-3009-a692-8d315ef18492,Amorphis,The Night Is Over,244295
1748e57e-28c9-32ae-928b-22c4a4e6ab62,Anastacia,Sick And Tired,210337
40648051-6aa3-3071-be5d-fcd084401067,Angtoria,Confide in me,254000
00e98f2c-c1a3-3d3d-87f3-8516840c2aef,Annihilator,King Of The Kill,191895
7c500ce6-ff2c-3df2-b8d2-0a876ec8dca2,Anouk,Don't,216084
700f0aaf-59a7-38fc-b832-7922f6e4b6aa,Anouk,It Wasn't Me,267467
48f62a74-b9da-3c5d-8943-705d0f92e41f,Anouk,Make It Rain,241841
a6438946-d8c9-3453-b8ea-14ec50a117d0,Anouk,Might As Well,189544
9f54c693-3117-34f6-98f2-2cd15d0974d5,Apocalyptica,Nothing Else Matters,285544
ffac1db9-ab7e-3363-841b-438cb0b06840,Apocalyptica,Path,185354
937fdec7-97c9-33a4-ac74-dec936b3c145,Apocalyptica,Romance,206310
38a6da21-b13b-3a89-bfdb-96aef741648e,Apocalyptica,Until It Sleeps,194000
84a01cc3-afff-35a9-99bf-84ec7f14138d,Arch Enemy,Time Is Black [Instrumental],326269
b49b8b65-71f5-3e9f-95fe-73cdfe6d0432,Asking Alexandria,Moving On,242000
5162692e-9389-30f5-b4bb-353c589c4742,At The Gates,The Flames Of The End,176901
3cff8428-4190-3c0e-a6dc-4c3832667632,Athlete,Wires,256074
3e426a8c-b290-35a9-91de-7124a74bd080,Atlas Plug,Around The World,273737
4aa1f41f-e2b2-3f12-913d-08de85a14312,Audioslave,Be Yourself,278174
400b1b62-a511-360f-8503-1d342bfb7b3e,Ava Inferi,The Heathen Island,559000
29ff71f0-a236-3723-aeba-108de6cfe0c1,Avenged Sevenfold,Bat Country,311000
75d5868a-a028-3f5c-93d5-a30889a22aaa,Babylon Zoo,Spaceman,242000
8f2feddc-874d-3621-b9c2-f3e3f87bfca6,Barney Kessel,Autumn Leaves,296095
612116b7-4af5-3170-9538-b132f1913bb8,Barney Kessel,Autumn Leaves,296095
eb79675d-fa23-3ab8-93b2-fb16b8ccad4b,Barney Kessel,Little Star,275354
b7e582b4-f8b5-32a3-92ad-bcc634aaf3e6,Barney Kessel,Little Star,270628
9f9874e8-2ec1-3068-bac1-8414713b04df,Bee Gees,You Should Be Dancing,256466
1fc61c71-b165-3596-b8c1-fde361079938,Ben Prunty,MilkyWay (Battle),159692
f7939ab9-c3d9-3638-9b26-be72a1bbf13f,Ben Prunty,MilkyWay (Explore),159692
8244feea-c213-3603-9b65-a5b224465e8c,Beth Gibbons & Rustin Man,Tom The Model,220792
85df539b-42e0-32f5-9ae2-c3dcc4d3dd32,Biffy Clyro,Bubbles,301000
330c4677-c94c-3394-a2e2-ec7dd31b28bf,Black Attack,Bang Bang,237900
ec13a908-910e-30b3-8bd7-20b3b7a1156d,Black Eyed Peas,Don't Lie,218331
64862548-5562-3544-a569-380bfb6f7569,Black Eyed Peas,Pump It,212532
ffb42c62-9adc-3f28-ad85-6c29cf6af732,Blackmore's Night,Beyond The Sunset,224781
1e74589d-9757-3979-9c1e-8a585080f4f2,Blackmore's Night,Gone With The Wind,323811
44f406a3-6daa-3ad6-8ea2-ac08f419af2a,Blackmore's Night,Minstrel Hall,155949
c5491b86-da34-3abb-af91-3fa0a7c4d64b,Blackmore's Night,Morning Star,280970
6f484271-af8e-3a33-811a-848245f37058,Blackmore's Night,No Second Chance,338570
a05ba6fe-5403-3c4b-8c20-4ae1fac2c4a8,Blackmore's Night,Ocean Gipsy,365998
856a52c6-4816-362d-adaa-28f726a7a16e,Blackmore's Night,Shadow Of The Moon,306152
b6ae60fe-a99b-32ce-bf18-50933c395a42,Blackmore's Night,Spirit Of The Sea,290008
a36e91f9-81f8-3a3c-8f94-c1996499ad4d,Blind Guardian,A Past And Future Secret,228519
5de61058-da06-334b-85ec-ffa25b94d90a,Blind Guardian,Bright Eyes,316865
0e8bcbe5-b751-3f8b-9b6b-8f349aa4818e,Blind Guardian,Bright Eyes (Acoustic Version),262530
22206b59-b411-354c-86fd-0d9b76ddf342,Blind Guardian,Lord Of The Rings (Orchestral),236591
8db78c93-ef75-37e3-bd84-1fd17ebccbee,Blind Guardian,Mirror Mirror,306024
c3b1419f-764d-35ff-b413-8db51f984c16,Blind Guardian,Mordred's Song,329560
35d686e9-a6e0-362a-8289-356fd46a6e9e,Blind Guardian,Noldor,412238
0b353542-cce7-3cd8-bbf3-96d0621fd7fd,Blind Guardian,The Eldar,218296
9f3bb4be-c662-3c5d-ad08-35e5c01bb89b,Blind Guardian,The Script For My Requiem,369136
971ef318-6f6c-3066-a3c7-46a4233ae372,Blind Guardian,The Wizard (From Uriah Heep),197642
dfacee61-fa23-3013-a93c-998e256df12b,Blind Guardian,Theatre Of Pain,256940
0d84f5b1-39ce-3d0d-a1b8-c1ccb480b303,Blind Guardian,To France (From Mike Oldfield),282514
dc9b4d18-c19e-33bb-9453-e1add634b649,Bloodhound Gang,The Ballad Of Chasey Lain,141882
c66b6fd2-1fac-3d05-b853-7785aec1b22a,Bloodhound Gang,Uhn Tiss Uhn Tiss Uhn Tiss,260000
2e668b41-a1e2-3317-bda5-d849cd2faef5,BlueTonicWorld,Listen,288845
80407157-f018-3de4-84ec-5308ba1c241b,Bobby McFerrin,Don't Worry, Be Happy,290011
e376f984-6aef-35ff-9900-9edc740916a5,Bon Jovi,Always,353123
83623078-b36d-397b-b05e-bf6d8a1a6280,Breakbot,Shades Of Black,162000
24e4daf5-6d1b-319c-99e6-2c3c7d9c8599,Bregovic & Kayah,Trudno kochac,233532
44529650-abc9-36cd-bf86-46cce0fc4158,Bring Me the Horizon,True Friends,232000
2b9a9219-b69e-3f2d-9b4a-b602d01b46df,Britney Spears,Toxic,198000
e041b3cb-5f67-3513-aafe-d8e456ae0899,Bruce Springsteen,Cover Me,205000
edd7716e-6bb0-3b41-bb01-44905795f410,Bruce Springsteen,Downbound Train,215000
a3e3de59-8bf3-3e31-89d3-3f621e430075,Buddy Guy,Ain't No Sunshine featuring Tracy Chapman,204000
a7c48fd5-b0d8-3aaf-998a-230e6e0100e0,Carbon Based Lifeforms,Abiogenesis,405000
d11f228d-962e-39e0-a0e5-76b95a36fa47,Chevry & Mebrouk,Drapeau blanc,220238
8f88f8f8-cd7e-396f-93c4-a4963f5a0056,Chevry & Mebrouk,Joueur de dames,306233
9dd5764a-0141-3e7a-a201-4d95449358f5,Chicane,Lost You Somewhere,507000
020f1de5-33a2-3aa2-9285-63b10d621469,Children Of Bodom,Children Of Decadence,333164
9660a164-54c6-35c4-ad33-a3ff8f4a2334,Children of Bodom,Somebody Put Something in My Drink,200829
e208a43d-8f97-3825-8222-ec1ba3cbad31,Children of Bodom,Towards Dead End,307432
fb00c88f-9ce6-38fb-85ed-a04207a8b0b7,Cilver,I'm America,222000
43202ec8-ee06-3ced-92e6-838fd16f0d19,Cirque Du Soleil,Pokinoo,309106
a08935a2-571a-3c5c-9f20-9d1550638d91,Coldplay,Speed Of Sound,287000
97fe20e3-dc81-3695-8c84-113061d0a09e,Conjure One,Tears From The Moon (feat. Sinéad O'Connor),257000
20e6fd07-1e4e-3fc7-a1d2-9a8435d5cc77,Covenant,Bullet,302000
7221f3aa-a197-3f00-a2bd-ba0fa3a8eb42,Covenant,Call The Ships To Port,295000
70a9d2df-abb8-39cf-9d96-3131d7771824,Covenant,Invisible & Silent,278000
56f8a087-2203-34d7-82da-f9b77802e05d,Crematory,Awake,341146
2a73655b-187a-3c21-959c-1a9948bd1cd1,Crematory,Die so Soon,265000
142fa63b-7a7a-3196-907b-9e619744bf5c,Crematory,Nie Wieder,253968
e82b2739-df8e-39cc-934d-ccb1a2a2cb34,Crematory,Ravens Calling,253000
c2191464-86e5-329c-a56c-68525b6dc2e0,Crematory,Tears Of Time,299078
daa34b0f-c8d5-32a4-8288-e51c99599d77,Crematory,Temple Of Love,284414
119d587e-1fa7-3438-acc8-e1da3762900a,Daft Punk,Aerodynamic,206648
72318362-a772-381f-be1c-012b8761dd81,Daft Punk,Around The World,427596
cd04618a-6167-3896-881a-a5436856bad1,Daft Punk,Around The World (Radio Edit),241000
2dae1483-d8c0-3cd5-8062-8bdc37f20ed0,Daft Punk,Around The World, Harder Better Faster Stronger,341094
817e7986-9bc4-3f39-8e8b-fd1a4f61090b,Daft Punk,Get Lucky (Feat. Pharrell Williams),367900
289af410-179c-34b8-9173-fec80d9caf80,Daft Punk,Harder, Better, Faster, Stronger,223314
07bfb281-c7b9-36b3-8267-d3ad6b65c816,Daft Punk,Something About Us,232670
4faa1728-45ba-3cf3-8da5-6660f53bf766,Dark the Suns,Reflections,257000
a0cb1886-7a03-3b1d-9d2a-7f39aad9e6c4,Dark Tranquillity,...Of Melancholy Burning,376342
fe4a15f2-c96b-3175-84da-a8c5a86c95b3,Dark Tranquillity,Atoma,259000
f899980d-498c-32a3-99d6-b80bb739f7ac,Dark Tranquillity,Auctioned,366000
8d141620-666d-38b7-82d5-fccb4efd8a22,Dark Tranquillity,Cathode Ray Sunshine,254119
f566c3dd-f205-35af-9356-7fcd2f1f52b5,Dark Tranquillity,Constant,182228
6f710727-fd3e-3b4c-920d-137d62c4aef9,Dark Tranquillity,Cornered (Bonus Track),238497
cc2e6dba-fa80-35b8-ad68-da27c9535bc7,Dark Tranquillity,Day To End,188525
0f88087a-25f0-3606-b3ac-371bd86c544b,Dark Tranquillity,Emptier Still,219000
6b7b8e67-58de-33a9-ad45-6601b09b5e4f,Dark Tranquillity,Emptier Still,219297
eea5f34f-3617-318e-9ca7-e701a90bf380,Dark Tranquillity,Freecard,271830
99875263-aba4-3809-b792-9eba40c57595,Dark Tranquillity,Hedon,337368
ad605ff1-2236-316b-a2a9-081cfe8ae769,Dark Tranquillity,Her Silent Language,212654
4a58c28a-04a0-3d0d-847e-0035dee10509,Dark Tranquillity,Her Silent Language,213000
6d39ac82-f846-3ce5-8fd3-548d7a118283,Dark Tranquillity,Hours Passed In Exile,285779
07feb2fe-d51a-3e0d-932b-bab7388e5d02,Dark Tranquillity,Hours Passed In Exile,285000
f4fa7a77-244f-36ed-8eee-10c42247ab98,Dark Tranquillity,In My Absence,285428
7944322a-0218-36bc-b2cf-fbe58408e535,Dark Tranquillity,Insanity's Crescendo,411999
0a762406-a841-37fc-8a92-6ce6dbbe9018,Dark Tranquillity,Lethe,282929
d61c4574-dde4-3bd6-a0e5-a575ff3bd8a0,Dark Tranquillity,Misery In Me (Bonus Track),278909
8a9c5f6b-f608-3c17-a235-3aa962503389,Dark Tranquillity,Misery's Crown,254119
9f94dcaf-2ea0-396e-8f5a-d9a6a4311a50,Dark Tranquillity,Monochromatic Stains,217887
c85586e2-d77a-3dd7-8317-451335a9d4f3,Dark Tranquillity,Not Built to Last,217000
09605846-7c7d-3fea-88fc-9ed669688843,Dark Tranquillity,Not Built To Last,217730
fea078d6-ebad-38ac-82cb-bfa4d71e3665,Dark Tranquillity,Not Built to Last,218000
2bf3ead4-47b7-32dd-b8c5-261d27182ab8,Dark Tranquillity,Punish My Heaven,286978
914a9e72-3642-31b8-a8ef-bbd94e558d11,Dark Tranquillity,State Of Trust,246384
adfbf038-ff84-3e95-8309-0b9a4e3f62bc,Dark Tranquillity,Terminus (Where Death Is Most Alive),264254
07bd930c-5f2c-38bc-a8ca-7bcbc385771f,Dark Tranquillity,The Grandest Acusation,295207
be85e84d-9c0c-3035-be51-77cb562e8a95,Dark Tranquillity,The Mundane And The Magic,317675
7e73dd3e-4b77-3f63-bef1-dabd4a31c8d7,Dark Tranquillity,The Poison Well (Bonus Track),246543
bbe82e77-0917-397b-ba6c-a1f1ea34cdc8,Dark Tranquillity,The Same,190000
ff420834-6fe5-3d08-be5a-e465074cc21a,Dark Tranquillity,The Treason Wall,210703
c8315005-5634-3131-af18-5365f6a31446,Dark Tranquillity,The Treason Wall,210000
84e68d2d-744c-3346-855d-8c969c9fc65e,Dark Tranquillity,The Wonders at Your Feet,182000
d90ce5a2-11c3-3eac-b48d-4d6c61196717,Dark Tranquillity,The Wonders At Your Feet,181584
0fce9efa-0bb8-3442-a9de-ab53c1c19ba3,Dark Tranquillity,Through Ebony Archways,224337
a80f6319-26bc-3108-b8db-a8910356dbae,Dark Tranquillity,Tongues,293796
53f0071c-2be9-35a1-8449-dc2ad09a523f,Dark Tranquillity,Zodijackyl Light,239593
6caf9972-b835-385d-8faf-44191aa41c27,Darkseed,Dancing With The Lion,192062
e670c233-18e5-3649-8d1a-65ea84c9870f,Darkseed,Fall Whatever Falls,260000
8268c04f-16bf-3f9b-911f-c48d8422ef47,Darkseed,Forever Darkness,322036
b4395505-2edb-32c8-946a-5ef797e82531,Darkseed,Self Pity Sick,244000
6e4ee278-0793-37ae-9140-77ad09836c38,Darren Korb,The Spine,194220
3f94128a-2952-3c16-bce1-4f442a93dd7c,David Guetta,Titanium (feat. Sia),245000
afc83f8c-a661-31e3-8647-c7074f30fb38,Deadlock,Code Of Honor,267000
415a1e53-2dea-33eb-b2f1-40f39e3e5045,Delerium,Fallen (feat. Rani),230000
17600726-32f5-39b3-8719-75723ddf4bca,Demons & Wizards,Fiddler On The Green,356254
ebb0b922-4300-3aa6-8a2a-1562f33df392,Depeche Mode,Precious,234234
863c1546-d2f9-3929-893d-fbab43055759,Desireless,Qui peut savoir,230000
730beda2-ddfc-3371-a2a2-9cf8cbdb30ac,Dido,Don't Think Of Me,271128
17951b72-aec4-383b-a6bc-9aa43cbc6a2f,Dimmu Borgir,Perfection or Vanity,216000
f8646688-d630-34e0-bbea-dbe77ba9ec17,Disarmonia Mundi,Mindtricks,232000
a242deea-432c-30cf-b489-bbcac90fb4a6,Disturbed,Land Of Confusion,291787
d54028ab-efd1-39f5-b93e-289e98428478,Disturbed,Never Wrong,213106
7bf89baa-9a33-358c-92c1-940a5376345c,Disturbed,Save Our Last Goodbye,299650
b5f8b607-3b4f-36de-9d96-46934196bb9b,Disturbed,Stricken,246935
cec4286f-0ece-3363-95fc-b43728e3bb58,Disturbed,Tyrant,229067
a399c838-58ea-3c33-9372-203d38d4a0ef,Dommin,Closure,255008
3613987e-79c7-36a8-8afa-3933ec06f6be,Dommin,Closure,258000
da58269a-5cf6-36f2-9912-8ce68d6352ad,Dream Theater,Hollow Years,353903
dd5e2986-4826-34db-b0c8-ead87b132d2d,Dream Theater,The Silent Man,227733
cff084c3-99a1-31f8-9606-f9800d4feba4,Dream Theater,You Not Me,298785
dfc579d3-ec6c-3b6b-8b4d-736834964b6d,Dynoro,In My Mind,184000
078659db-4d80-3940-b7fb-ee29af118b31,Eagle-Eye Cherry,Save Tonight,240000
c5c67ff9-dec0-3d17-b2a6-5db6eec85384,Edenbridge,The Moment Is Now,259000
ede39b30-e4a3-3e2a-b103-f2df180fb7a7,Edwyn Collins,A Girl Like You,239333
cf7b6a8f-0891-3162-a399-86a0d49ef522,Edwyn Collins,Low Expectations,239177
6ef40a2e-6913-3482-b3c1-860b4b55c7ea,Edwyn Collins,Out Of This World,339876
a9b0e961-231f-37ea-9ec1-1b8fdfe8b446,Elvis Presley,A Little Less Conversation [JXL Radio Edit Remix] [*],213261
1df84dc3-1320-3090-a86a-10eb6756a956,Engel,Down,229144
214935bc-5413-39e3-bace-c07658754ac5,Engel,Down To Nothing,209056
1eed16f4-a173-36ca-8c44-7b6f7e812e53,Engel,Drama Queen,196040
47372e3a-310b-360b-ab5a-2b11e1d0dc3d,Engel,Every Sin (Leaves A Mark),212216
03f70c3c-749a-371e-a46e-9ab2012cee28,Engel,Fading Light,219269
a1740f83-3249-3eb1-930d-0137bc1271be,Engel,Feed The Weak,256285
e576b084-d0f6-3d28-9694-59f44daf5ad8,Engel,Feel Afraid,185198
941dff76-cfa4-3334-bdc9-8c8cf93dc77e,Engel,For Those Who Will Resist,221359
759ac2b9-2227-38f2-abf7-dc916c72259c,Engel,Heartsick,273995
c83c8dd3-8ef0-3113-94e4-df336ea75064,Engel,Hollow Soul,210492
e1ef3159-144d-3268-b17e-ee29c8a0fa0f,Engel,In Splendour,222691
c3a3a219-0a0d-3f03-844d-cc467009f7f5,Engel,Journeys End,287170
aca3f7d7-e092-3dc9-9fdb-b0a1a2a854f8,Engel,My Dark Path,225826
06a3de4a-5b5e-3f48-820d-9f45bac5b2ac,Engel,Next Closed Door,194061
bd873a1c-a97d-3548-9fdb-7aef0acef57f,Engel,One Good Thing,198640
f7547ec1-8853-3128-9490-e69c59ad1d07,Engel,Perfect Isis,360434
340f071c-faee-39a0-9c4e-a770986a63bb,Engel,Question Your Place,213720
74ed91d8-15a2-3dc5-bc0f-7bd43cb69080,Engel,Sense The Fire,260307
748882f2-00a2-3598-8146-38ff9104e1c9,Engel,Six Feet Deep,201559
1663680f-7f36-34d3-95e6-4d88ad7ce4a2,Engel,The Paraclete,205320
98e33dba-88a4-30ef-99c0-22a7353ffb7c,Engel,To The End,242153
86de397d-3c1f-3f90-bf80-41a56ed774b5,Enigma,Camera Obscura,87875
a93a3b0f-eff7-343a-98d4-c662b9b685b6,Enigma,Gravity Of Love,238000
332c5253-1cf2-3fe5-b10f-1ee23a175f86,Eternal Tears of Sorrow,Blood Of Hatred,193000
b2784dd6-7809-361d-a68c-a6a3b2feed35,Eternal Tears of Sorrow,Midnight Bird,286978
0eb03e10-fee1-3c43-b165-e15e94b11270,Eternal Tears Of Sorrow,Red Dawn Rising,306442
055bccb2-7b4a-3003-8ec4-f428d20221f5,Eternal Tears of Sorrow,Sea Of Whispers,254665
6b7b36aa-f6ff-3663-9932-3f531aa65ec8,Eternal Tears Of Sorrow,Sinister Rain,340688
5d633c0d-cbd8-328d-8275-55dd8f89111d,Eternal Tears of Sorrow,Tears Of Autumn Rain,253333
3ec4527b-60d1-3593-a22c-616813b30bab,Europe,The Final Countdown,238730
1f13344e-8e99-3504-9883-2f188ece390a,Eurythmics,Sweet Dreams (Are Made of This) (Remastered),216000
1a27783b-e32d-3f9e-9dfa-012e71f8f0d6,Evanescence,Imperfection,262000
79f167ac-26f2-336f-932f-75d97ea9e526,Fall Out Boy,Beat It (Studio Version) (feat. John Mayer),226000
a00669d2-b238-369e-a857-29fa34094850,Fall Out Boy,Dance, Dance,180000
2278ce7a-8b3a-321f-b273-6660bc1f8feb,Fall Out Boy,The Phoenix,245000
8801a69d-8e4a-3ce1-9551-a002551774eb,Felix Jaehn,Ain't Nobody (Loves Me Better) (feat. Jasmine Thompson),186000
ba3bbecf-2d25-3cdc-b04a-1a2a38b96706,Five Finger Death Punch,Can't Heal You,183510
a292302b-4ac5-378d-9743-1dbf8c704f01,Five Finger Death Punch,Canto 34,249547
0a3a6e55-da2a-3e28-859a-ca2e5c83b10e,Five Finger Death Punch,Coming Down,241240
3ea895f7-8a39-30d8-ae35-d82afba123e3,Five Finger Death Punch,Generation Dead,223190
6ffd4b43-958f-3b8a-b061-4b5159a4d3ed,Five Finger Death Punch,Never Enough,208468
f23f5580-3c0d-302d-bd34-408a0d5d2214,Florence + the Machine,Queen of Peace,307356
3f4a8288-fd42-3265-a5b2-1f9edeefafb6,Florence + the Machine,Ship to Wreck,234527
01639449-8272-3f0e-928e-6f916da06ca4,For My Pain…,Sea of Emotions,235000
35a9525a-4694-311c-9c83-f1bf9f9e3b7a,Fort Minor,Believe Me,222014
1f25f786-550b-3fe9-90b2-22e421baf197,Foster the People,Pumped Up Kicks,239000
addaa2c3-e1ac-3ca4-97be-14c51cdefc3d,Foster The People,Pumped Up Kicks (Butch Clancy Remix),362814
8ca868e5-3f8e-3f76-a1d3-34a0986f84a4,Franz Ferdinand,Love Illumination,224311
746dcd5a-63b5-310f-9d30-5b30ed3ff04e,Franz Ferdinand,Take Me Out,237033
e64fd412-8683-3a71-9069-8439f0b11a5d,Funkbrainer,Memoire Selective (Original Mix),439000
5aa2e123-da0e-3734-9075-527044497006,Gabin,Mille Et Une Nuit Des Desires,344838
4cd5e5e7-1db3-350b-bf73-6020e35ad209,Garbage,Androgyny,189000
41bdd5f7-046f-31a1-b2e7-756644d1d0a5,Garbage,Why Do You Love Me,232095
ddf786ef-d6d4-33aa-b8e1-038dec9aeed7,Gnarls Barkley,Crazy,177000
afb76c18-5dfa-3869-b852-59d57bf4724e,Goran Bregovic,Tango,235622
04bda6e7-d8f5-3bca-b196-b52249e21f2f,Gorillaz,Clint Eastwood,270288
19371c23-0c62-336e-8097-ee0201a3d631,Gorillaz,Feel Good Inc,222000
40720c82-5527-3e0e-b413-155f623637aa,Gorillaz,Feel Good Inc.,220298
a16a63d2-66cb-3bb8-8740-8313c17c4860,Gossip,Careless Whisper,214256
58b5977c-09a4-3453-9f77-f89336a7dc94,Gossip,Heavy Cross,242000
059318dd-089c-312c-8c44-45b13f6fb56f,Gotye,Somebody That I Used To Know,244950
fd490b85-db48-387f-9359-ba78b3ebb525,Groove Armada,My Friend,300000
338a5700-76f7-33e2-a24e-16e01508bbfb,Grégoire,Rue Des Etoiles,234364
18b4cd52-5f0a-301f-91f2-df92031bdd28,Guano Apes,Close to the Sun,222000
3b2b2c4e-f510-32e4-9a1f-db09141308e3,Guano Apes,Open Your Eyes,189204
6079ad7d-e9f5-3386-b2c7-50d0d054ecbe,Guano Apes,Pretty In Scarlet,246595
68fe32f3-464e-36d3-b773-620a0b889628,Gvozdini,No Sorrow And Sadness (Original Mix),483000
cc8e8a7e-604a-3f2f-a4d9-629bdf9903f8,Haggard,Hijo de la Luna,261000
214fdbb4-e1d3-395a-b825-e39784efca5d,Helloween,A Tale That Wasn't Right,283000
efc27b79-d91e-3a00-be5d-0f80a0f44ca0,Hiatus,Third,286000
b132e99a-dceb-39e6-8a93-45099b2364b8,Hoobastank,The Reason,232855
35cff73a-44aa-3ae1-a3be-dd1508735ef5,Hurts,Stay,235000
893177ae-179f-3edb-9d89-c96a8d65b980,Hurts,Wonderful Life (Freemasons Remix Radio Edit),204932
6df79ee7-41e6-3d87-928c-beea053de248,Hypocrisy,Fearless,263000
33920dd8-312d-3869-8da1-75b37724e27f,Icon & The Black Roses,Set me on fire,221000
e4605a05-83ba-3682-9b3e-80bc4acf5044,Imagine Dragons,Radioactive,186000
84f713b2-2757-37f6-a74b-959a1e11ed18,In Extremo,Ai Vis Lo Lop,243382
75baef1a-b397-3160-9fc3-f6cfb010f2c2,In Extremo,Feuertaufe,207000
f8d4fd9f-1c67-3ca7-ad41-960923d264f3,In Extremo,Feuertaufe (Live),266000
08a9f591-e965-3d28-922c-6a34fe69c70a,In Extremo,Küss mich,248000
4058cf74-0418-3cd9-91bc-790a983a4cc0,In Extremo,Siehst du das Licht,258000
4bc71031-e6f4-366c-8954-ceeffe6bda1b,In Extremo,Siehst du das Licht (Remastered 2015),262000
8c0fac00-9a2a-31fb-b268-33049557689b,In Extremo,Spielmannsfluch,224548
c7f63b59-41ac-3850-ac19-06076ad99959,In Extremo,Störtebeker,214000
e2e9b063-90a1-3790-9046-3f3b25e3f6f4,In Extremo,This Corrosion,240318
ef2eba11-2c98-3ae1-a6a5-04cac46a2fc9,In Extremo,Totus Floreo,220682
f2299d71-7d10-3cb6-9487-932ddf6f83f6,In Extremo,Viva La Vida,215000
f51afe19-e0e9-3782-8759-6ed22a804011,In Extremo,Vollmond,239000
29ae0fe4-cf3a-37c4-a832-c1d969ad5d14,In Extremo,Werd Ich Am Galgen Hochgezogen,231915
70626fca-04fe-32ab-9c5f-e3ee3beb1a19,In Flames,Bullet Ride,281164
035f43fe-5141-3ab8-bc98-61dfa19e8800,In Flames,Bullet Ride,282122
595c79ef-f419-3acb-b6ea-bccbcc30d0ac,In Flames,Dialogue With The Stars,180976
1ccd79b4-aca1-30ab-ad80-4850499a757a,In Flames,Dialogue with the Stars,180000
013a49a9-5a57-369f-849c-f26d48474da3,In Flames,Embody The Invisible,218172
27bf70b4-7af7-38ee-9ff2-96c9ddbde110,In Flames,Enter Tragedy,238576
17e184a2-25b8-3ba9-b49a-42e574019e8b,In Flames,Episode 666,225854
3427134d-cfc4-3a99-b628-32ad00d70586,In Flames,Everything Counts,197694
e7ff7d74-661b-32ed-bd79-d9a92d78f6f3,In Flames,Fear Is The Weakness,245185
41ecff3e-03f2-3134-b832-3738384225d2,In Flames,Free Fall,238000
0cf37205-528f-353e-880b-e31cbd62245f,In Flames,Hårgalåten,146000
9eae883a-9600-3c0f-ba16-f0255c14b5c0,In Flames,Jotun,234579
ce056028-d481-3ec8-9417-24b3252073ba,In Flames,Metaphor,219000
f7e4c66d-c996-32a7-8a23-f8be1f0830c3,In Flames,Only For The Weak,295235
26bfbecb-d6bd-3663-a253-54afdf5af285,In Flames,Pallar Anders Visa,101275
f4e0fc38-bc82-38c8-b76b-d5c7542fd50b,In Flames,Rusted Nail,293561
b71c73f6-0557-387c-b995-70ad8021d5ea,In Flames,Suburban Me,215954
8c4c25c8-2703-3465-a513-5b0909eb361c,In Flames,Swim,194272
f26ea87b-f7a6-327b-bafa-4386b1ea230e,In Flames,The Attic,196675
30c89c41-2d95-360c-af19-99ba6f96c6ef,In Flames,The Jester Race,291000
d4b2e3be-80c7-3ad6-a2b6-283781b3c474,In Flames,The Jester's Dance,129000
cd578996-d5df-3202-9626-98f765f5d972,In Flames,When The World Explodes,277992
36ebf46e-656d-30c8-aaf1-40db558bb6e5,In Flames,With Eyes Wide Open,237398
dccb057d-cdf4-379a-9aca-ade321187505,In Flames,With Eyes Wide Open,237000
74f12a8b-ceda-3486-b01c-f7c001f14039,Ingrid Michaelson,You And I,147748
f6f272fe-f082-3741-9d0e-83e5734753cc,Insomnium,Ephemeral,231000
447853bb-2a9b-3cba-ab42-3bbdf5e28d81,Insomnium,Only One Who Waits,318000
76128b28-7e64-3f71-85b6-5650c488c574,Insomnium,The Day It All Came Down,296304
53b57b74-157f-35b6-8466-e3ec3d49b13e,Jimmy Eat World,Get Right,169000
c5ff0028-d405-38c5-9e0c-5de3ec5c8e60,Joan Osborne,What If God Was One Of Us,318604
766b861c-daa0-352e-977b-ac6d4f41e5ea,Joe Pass / J.J.Johnson,Blue Bossa,245310
e0283b24-5aa2-3f02-835a-8e2e7e0241b0,Joe Satriani,Cherry Blossoms,269000
6df6b996-7ffb-3ecd-be25-a7b80db5ec35,Joe Satriani,Day at the Beach (New Rays from an Ancient Sun),122798
1a6689d7-562f-3470-a4fd-f1a2bdc9e3b8,Joe Satriani,Thunder High On The Mountain,286000
e4daacb9-fb29-34db-95bc-d158a0700840,Joe Satriani,What Happens Next,264000
056b8d13-716d-37be-8a8a-3ce40c980f47,John Coltrane,Richest Guy in the Graveyard,175750
b96770e0-34b3-3873-ad31-738476bc9722,Jonny Lang,A Quitter Never Wins,354848
557840b3-9ceb-331b-95e7-a881c558225a,Jonny Lang,Hit The Ground Running,210600
1a0e886d-079b-3eb9-82f5-e636c4fb633d,Jonny Lang,Lie To Me,251141
5c25aa0f-6139-3a48-9050-646cb7fe2e3f,Jonny Lang,Rack 'Em Up,246740
621c670b-cffd-3e4f-97e7-88ba7c44878c,Jonny Lang,Second Guessing,308776
52d2c62b-80d5-386b-8fac-e22a9ca08a23,Jonny Lang,Still Rainin',288340
7a5ec51e-9ba2-3cb1-9f41-294fb5bb38fa,Judas Priest,Between The Hammer and The Anvil,289044
3df4ce19-71ef-3242-a657-6d23e0fbe37a,Judas Priest,Breaking The Law,153859
e5102fb4-a07f-3f1a-b928-fa7d460b1993,Judas Priest,Breaking The Law,153859
5f930386-1461-3329-941a-7e0414b5d691,Judas Priest,Hell Patrol,216607
03913460-8d47-3027-92e5-ccc6a2ce9d01,Judas Priest,Night Crawler,346328
0b321536-3fae-3716-a946-de29094bf73a,Judas Priest,Night Crawler,344502
99543fcb-d7f4-322d-8281-f9d599f694b4,Judas Priest,Riding on the Wind,189751
656d2e8d-ef2f-3888-a12c-bf7a89631e1d,Juventa,Ocean Sparkles (Eric Shaw's Cinematic Intro Mix),358000
a3b1c69f-7055-36a4-8c76-9a720c4ebdda,Kaleo,No Good,234000
d6c7a586-5175-3ca4-b76b-0c1f536fc201,Kamelot,Liar Liar (Wasteland Monarchy),354000
15d9f3e7-9ed7-3bbf-9262-4305222e8b3a,Kari Rueslatten,My Lover,243485
5018c162-67c3-37e7-8faf-85400e749112,Katra,Kuunpoika,267000
9f9ad51d-21f2-3421-84ed-75a7141f201f,Kings of Convenience,Love Is No Big Truth,228000
f2d42eb1-e579-38cc-9a0d-86f7956e813c,Kora (CA),Fragile,454000
89925190-e9f4-3e4e-9564-35b286a0eb87,Kylie Minogue,In Your Eyes,197000
98fbfd5d-2e17-39fd-8b82-c9d2e1f5eaab,Lacrimas Profundere,An Orchid For My Withering Garden,393432
8a79788f-7a92-355f-84d9-e74c180dc988,Lacrimas Profundere,Black Swans,264383
4d91c4d6-d0d1-382c-b297-6d2f004f3981,Lacrimas Profundere,The Crown Of Leaving,399800
59e7e487-0dde-362b-abdc-a56fbe190ef8,Lacrimosa,Alleine Zu Zweit,257173
692da8e7-3a31-3e3d-893e-b3aee9e2e638,Lacrimosa,Alleine Zu Zweit (Torris Vita),190561
367889ec-69bc-3bc1-b5e6-79f586fba463,Lacrimosa,Am Ende Der Stille,488407
39ac4aed-92b8-3b90-93e0-ba9746427b76,Lacrimosa,Halt Mich,238561
1cca8251-f82f-39fc-8e2c-41e198d082c6,Lacrimosa,Ich Bin Der Brennande Komet,422187
fa972a36-9859-3cce-8ba3-dd79ffaf2192,Lacrimosa,Ichverlasse Heut Dein Herz,511760
72714ab2-d7dc-3b32-bffd-065b79c2e85a,Lacrimosa,Sanctus,849810
8e411021-897d-3b46-8e5a-e47094424b72,Lacrimosa,Stolzes Herz (Piano Version),251765
74f94bd7-e39b-32d9-904f-1ce12aab69c5,Lacuna Coil,Chapter V: All You Can Eat,179856
0c8adb36-f55a-3a32-9768-892315821145,Lacuna Coil,Nothing Stands in Our Way,247594
d9c4bdc4-177e-3a83-9658-7922eb2e09e4,LASCALA,Реванш (feat. Тимофей Копылов) [Studio Edit],235000
409737b1-0fa3-3a28-a82e-01ca662e103d,Les Wriggles,La phase,185000
5eadfc02-5251-35af-82be-f99a53f12ede,Linkin Park,Breaking The Habit,196075
b9ed6742-48a5-36d8-bb28-3300718992ed,Linkin Park,In The End,216000
cbbd3aef-890f-379c-b857-9765ae5ce836,Linkin Park,Numb,187480
7d0d9389-1297-3b06-8ae9-3e9ee252c4d8,Linkin Park,Somewhere I Belong,214575
0a20b438-1421-3ee9-b4f5-2dbf2f522fbc,Liv Kristine feat. Atrocity,Send Me An Angel.,230267
ddf2c8a1-502c-311a-9af9-9cc18b924f4d,Lord of the Lost,Haythor,286000
253b5acb-5afc-3dd0-b924-3494a4ce6a1c,Louis Armstrong,Go down moses,221020
03070ff3-435b-392e-8742-71fe128604e6,Louna,С тобой,263848
e55acd82-eced-3d39-bdd0-f0d58edc39f8,Love Spirals Downwards,Mirrors a Still Sky,245679
f84aeb3c-3a78-3a6a-9332-b7da8ca4a72a,Lumen,Гореть,319000
fe8a1fb9-c256-3860-8d48-2a1afa400ee8,Machine Head,Is There Anybody out There?,272000
ba9fd72c-1a89-3d65-84dd-92d05aee7093,Madcon,Back On The Road,215301
a73e0c76-d584-31cb-940b-0f47d6f1d960,Mandragora Scream,Dark Lantern,257000
8e3a85bc-f7ea-3d68-8ac3-40d150d72678,Manowar,Today Is A Good Day To Die - My Spirit Lives On...,711862
60380d56-a240-34b3-8439-57f636a65e57,Markscheider Kunst,Kvasa-Kvasa,190000
4f60eec6-790b-311b-910b-7f81959ef983,Markscheider Kunst,Счастье@Ru,234000
05cb0d84-7a54-33cb-b2f9-2e62f012d1fe,Markscheider Kunst,Чао-Чао,171000
77775cd2-448f-3c2f-b253-a0a756bccc38,Maroon 5,This Love,206000
daebb0f1-9e2c-32e2-af00-e7345a30965a,Mattafix,Big City Life,240846
eac4b4c3-e5da-3568-b065-0892c762c692,Maxim ft. Skin,Carmen Queasy,241618
2e6c0708-65e1-39b1-9d50-055823be67ba,Mecano,Hijo de la Luna,259000
d7c8bf8c-a926-3d96-a9ef-d3c544c51e75,Megadeth,The Scorpion,359000
bc80a1a3-1435-36e8-8076-73205a244642,Metallica,Fuel,268502
851152c5-d15d-3b91-a516-93d4dbaa4e4f,Metallica,Loverman,472842
756b0369-5393-3cd3-8b00-305b0082256a,Metallica,Master Of Puppets,515265
97301caf-28bd-30a6-9090-7572a206d678,Metallica,The Call Of Ktulu,535222
a997725c-b82a-3f9f-b670-eb236d3a212c,Metallica,The Memory Remains,279170
456fd574-25f1-31ce-99f4-6d8fd12dec75,Metallica,The Unforgiven II,396434
6834c3c6-1536-3ae8-a1d4-95fdfe1ee093,Michael Jackson,Beat It,259064
32d24e2c-06c0-3f74-bd7c-e71150f5fb7c,Michael Jackson,Give In To Me,329108
19cb75b9-ba80-3d44-9446-b14f4987e13d,Michael Yasyrev,The Story of One Man (Original Mix),408000
b154cffd-cc0c-393a-9a34-15e7d14f42a0,Mind Vortex,Alive (Radio Edit),179738
ba6087f1-0b76-3f70-8f35-2ae3497c8f07,Moby,At Least We Tried,248000
b71ee900-3205-33c1-ad75-63ce8d7fbdc1,Moby,Lift Me Up,199338
e183e6d4-45b8-3bdc-a8b8-aff50c07aefe,Moonspell,Dekadance,349000
73c24190-ba3a-3c29-a0d6-6a68c8ff7046,Moonspell,Funeral Bloom,250000
849903db-81c3-3b23-b2f4-5f2715415158,Morcheeba,Fragments Of Freedom,306413
178adb65-4b82-3bbb-9cd1-c9c712dc048f,Morcheeba,Rome Wasn't Built In A Day,214750
ec44f233-a85f-3535-8502-ac3ce00881c0,Morcheeba,World Looking In,246646
09e9a640-a56b-3fa8-9855-72635d8a6121,Mors Principium Est,Cleansing rain,260000
641980fd-63fc-30bb-91df-4992ad1660ef,Mortal Love,All The Beauty,373000
860a6d02-05ff-3f74-8a4f-8d449bce8dee,Mr. President,Coco Jambo,342021
e7115ef6-c94b-3626-b5ea-194ed0f85259,Muse,Dead Inside,262000
9e57bcc7-14a6-38bd-b2ba-be87ab3bdf5c,Muse,Uprising,304000
c934de79-1fef-3925-8ab4-07109d179456,My Darkest Days,Move Your Body,193000
d6960d7e-86d3-3960-98c6-87a8b4532a4b,MyGRAIN,Alienation,319000
400bb537-d96d-3af0-94d2-80baf7b7cdd0,Naio Ssaion,The Mirror,224703
ccbc4ce0-eb01-3f58-a997-098c2fe97f2d,Natalie Imbruglia,Torn,244871
91412bb9-2081-3933-8acd-af60a35744c9,Negative,Lost Soul,245492
562a0d89-6881-34d3-b12b-b1b25b885272,Nickelback,Feed The Machine,302000
ec0ed01a-22fa-3b20-be72-2eaf16d91a3e,Nightwish,Last of the Wilds,340688
0e344663-c6d7-341e-abbc-1dbdcbc12351,Nightwish,She Is My Sin,286249
2bbe9104-e327-3fdb-89ba-304bbab19db5,Noize MC,Выдыхай,188396
9b3b4bab-cb34-3b5d-8327-a359ab09025d,Noize MC,На Марсе классно,254000
d1266398-85ac-38c7-a7e2-658545f3b910,Noize MC,С нами (Орфей и Эвридика),197000
ffc518ba-28c7-3f98-ad4c-8da180956e4b,Noumena,Play Dead,212000
73f67b44-6e7f-36f7-afeb-2e95907d33e5,Ocean Jet,Breaking the Stones,206000
59eb88e7-a4b4-3910-9e85-6784567b3640,Ocean Jet,Unfettered,191000
122b13a0-d29c-3117-a3f0-3c774ae74cb1,Omnium Gatherum,Deep Cold,569000
32a24ae3-ac2f-3909-9cf7-6c04843e652b,Omnium Gatherum,The Sonic Sign,275000
9a31b83d-5851-32d6-a796-4a9c28e97582,Omnium Gatherum,Watcher Of The Skies,257000
e510da1d-b907-33da-a287-efeed244fac6,One Republic,All The Right Moves,236964
c3f18ac7-6017-321a-b4e2-78e264d3bfba,Orishas,Represent, Cuba,223710
1901f34d-fab0-3a12-86e3-53c2efe5464c,Ott,The Queen of All Everything,472000
cb9328d0-a802-3fed-b1af-bcb994a62965,P!nk,Ave Mary A,203476
22b4fdd7-574c-3aa2-81c9-b106ec28da1f,P!nk,Try,247926
06d3d082-f34a-36ea-acb6-dd05e83883c4,P.O.D.,Youth Of The Nation,256000
41c52ca6-67c1-3c42-9609-417f1d30cb40,Paco De Lucia, Al Di Meola & John McLaughlin,Mahna De Carnaval,374648
96c1d6a1-583f-30aa-b7ab-70fc7249a01f,Paco De Lucia,Rio Ancho,269975
1c292c80-3b14-3d24-a259-ea808ebd3eb7,Pain,Shut Your Mouth,193440
4a208c95-2cdc-38c9-b23b-a5b91ae52975,Paradise Lost,One Second,212000
23753af4-3a8c-30c6-85e5-75b4cfef543c,Paradise Lost,The Sufferer,269000
7f233434-8286-3b91-bef9-407394fc4e98,Peel,Crack,312000
b9d18b1a-85a2-33d8-989a-cd85cb00acfc,Peel,Deep,292000
12d6eb65-9f25-3de2-b18f-36cdc45bcc31,Peel,Loaded,247000
3cfc1c54-9ce3-3a95-bd88-6e2b06626f18,Peel,Natalie Somewhere,232000
3cbff57b-c381-31d3-adb5-ae0a27ef269d,Pharrell Williams,Happy (From ""Despicable Me 2""),232722
0cde3b97-802d-36d2-8edf-083376ca6aca,Placebo,Days Before You Came,152360
0e6b8b6e-d5c4-33bc-90fa-0aeb672d2e82,Placebo,Every You Every Me,213000
1646ccb2-f98e-36b5-9bd0-6c201ada319d,Placebo,I Know,284081
a42b3f4b-ae03-3b0a-8bc9-e8c7887841b0,Placebo,Meds,176878
d463548c-e322-3228-83ea-91b36926e607,Placebo,My Sweet Prince,345283
514bddaf-4d4c-3a11-8c84-afe61bd8f8b8,Placebo,Song To Say Goodbye,216187
355d2c1f-5609-379f-900e-6e230595d8b7,Placebo,Special K,230984
0049ccb6-e94c-3dc4-a724-d3ab8e545158,Placebo,The Bitter End,190066
6650aec2-8309-3a65-a15e-d4d7e6960c2d,Plain White T's,Hate (I Really Don't Like You),223886
13329740-9f6e-3680-9638-4c52509d47f0,Planet Funk,Chase the Sun,222000
63663379-00ca-3857-afe3-5ece4fb86d64,Poets of the Fall,Carnival of Rust,262000
406f3e23-f351-35f5-925b-41330feec703,Poets Of The Fall,Choice Millionaire,289852
71b02341-4aab-3ec0-8bab-03c7d7cf070b,Poets of the Fall,Lift,313000
d7499f05-9643-35bb-b7e6-2e859cc04017,Poets of the Fall,Sleep,298000
485683fc-87d9-3aae-a70e-a32494bba936,Poisonblack,Raivotar,295000
6c3304bc-fd62-3450-a502-9a0a6b99e34c,Portugal. The Man,Feel It Still,163000
1cdde915-8dab-346c-8ad5-44b5f993d39e,Pythia,The King's Ruin,299000
b8d99d64-18e2-36d3-91bc-12435536eafc,R.E.M.,Losing My Religion,268000
f61b9f92-38b5-3f90-8696-bcfca64aaa58,Raintime,Beat It,223000
988d02d1-8707-367d-a1f1-4ab392291047,Rammstein,Amerika,226174
59361d14-852b-3128-a1e3-c3542d8bebe1,Rammstein,Mutter,271362
0160d283-caf2-3832-a2e9-e20e3d25ea18,Rammstein,Sonne,271726
e4f2e45d-797f-36c7-bc7c-39d527dcfa27,Rammstein,Spieluhr,284882
a613c25f-1ef1-3c31-97fc-6c7b78a80cc4,Raunchy,Eyes of a Storm,316000
9dd32a4e-30ca-305a-a749-c5bd0fd9d539,Red Hot Chili Peppers,C'mon Girl,227812
db8b2671-b9f2-32d1-a5a8-fe459ca41285,Red Hot Chili Peppers,Californication,320112
fc36e14d-b46c-3467-b28c-d97ef97ae779,Red Hot Chili Peppers,Road Trippin',204620
1ba9e392-31aa-3c47-b581-e60fd23babed,Red Hot Chili Peppers,Snow (Hey Oh),334000
2ea5d481-ed69-342a-a51f-e290aea665a8,Rise To Fall,Parasites,198000
35fffc2b-f5c5-3c24-9d4f-6755a810bcbb,Roxette,Wish I Could Fly,279000
5db998e3-0502-3993-8316-1470b26312e8,Royal Deluxe,I'm a Wanted Man,228000
630cc631-4d83-3de4-b08b-3852ea2d5f27,Saltatio Mortis,Ode an die Feindschaft,203000
16f7ebc2-9d94-3363-aee7-8dc6df21ea82,Samael,Inch'Allah,210000
fc199f2e-6cd2-3588-8170-8dd7244f86d0,Sarah Connor,Under My Skin,194115
e24aa5fd-f502-33b8-9cc5-d0248a38b632,Schwarzer Engel,Himmelwärts,231000
2fd76fb9-4c35-33d6-89a1-1c1807f1dd58,Scorpions,Humanity,326658
5f3c7c09-71a2-348f-8a80-7fbfa06926cb,Scorpions,Lonely Nights,289770
fed753cf-614f-3802-a8c7-80a05fb99eb7,Scorpions,Love Will Keep Us Alive (Radio Edit),272141
3dede822-39c0-36da-bab6-00807de90833,Scorpions,Rhythm of Love,230000
534c62b1-0f83-3814-a9b1-423cb0896cb3,Scorpions,Send Me An Angel,271986
0ccaae90-ca1c-3114-aa77-ebe371e071a8,Scorpions,Still Loving You - Je T'aime Encore,401492
5b203654-8a3f-3130-a66f-5dd0111e6add,Scorpions,The Future Never Dies,243798
90300306-e382-3cc4-af5d-ed918d091271,Scorpions,The Game Of Life,244268
0d7406a7-534a-310f-b445-ba4c79fed2bb,Scorpions,The Good Die Young,314433
edfae896-8f71-3b28-ac61-f750a67c52c7,Scorpions,The Zoo,329056
42df4897-105f-3338-884c-0f020c0dac9b,Scorpions,Your Last Song,224337
ef3b6a4f-c988-3423-a879-4fe9bb5aa634,Sentenced,May Today Become the Day,240000
627979d4-9fe5-3ae1-b157-47a380a1f6f4,Septic Flesh,Heaven Below,341626
406ab043-b4bf-31e2-b018-570c033c4275,Septic Flesh,Shamanic Rite,316313
a5a6ef58-2215-3625-bbda-087b1ea539ad,Serenity,Iniquity,333000
395bd490-e516-345b-aefb-bdb516abcd2b,Serj Tankian,Sky Is Over,177000
9b18fb55-376e-3d52-a581-aaa3973e6e8f,Shakira Feat. Rihanna,Can't Remember To Forget You,206496
d6a2e32c-bd43-38ce-9db4-37d53527bf54,Shakira,Moscas En La Casa,211330
84152791-38c4-3620-8636-8cb710ba414c,Shinedown,DEVIL,208000
0512278f-0d8b-33b1-b860-6dc6321cac40,Sia,Chandelier,216000
0094ac18-de24-3592-95bf-d06e67b4875c,Sia,Move Your Body,247246
c40a6fad-0eab-3c91-8c11-acbaede2b981,Sirenia,A Shadow Of Your Own Self,358083
df9b52b0-588d-3272-b242-694e2e5ea63d,Sirenia,My Minds Eye,218251
32a99c5a-ecbb-3dd4-b28e-4788185cdf71,Sirenia,One By One,330527
b438628d-7190-369d-a517-2d2a26f23e17,Sirenia,Sister Nightfall,338073
60fb3c67-a4ab-396c-a28a-66d879bced11,Sirenia,The Path To Decay,257878
2171f5d8-f3db-3aee-af85-e1ad153c5944,Sirenia,The Path To Decay,257878
24e356b1-5767-301f-8e89-fb4e7b255b80,Skillet,Awake and Alive,209000
4403418f-7141-3fcf-8e32-b9e02d1f940e,Skunk Anansie,Brazen [Weep],270504
0bcfd764-49c7-3574-b674-118adc536dc7,Skunk Anansie,Cheap Honesty,226044
1696291e-fe4d-3a1a-8f75-95459d62e2b4,Skunk Anansie,God Loves Only You,228000
dcaf3988-7699-364d-b9e8-e9ba77766251,Skunk Anansie,I Will Stay But You Should Leave,236000
b8f2c858-c709-30ac-af01-3f41d9e9ba13,Skunk Anansie,Infidelity [Only You],359833
e808933a-293e-30fb-a376-7b98636ff2af,Skunk Anansie,It Doesn't Matter,166000
1107d550-1e88-384e-8d59-4e388c4da50e,Skunk Anansie,Over The Love,207000
77160635-6678-3c17-8262-60090feb4cf9,Skunk Anansie,Talk Too Much,200000
df40243e-c103-34a8-bf1f-bfb5bb4796c8,Skunk Anansie,Weak,210704
9b6e8521-2e77-3557-97b6-7541dcb6dc2a,Skunk Anansie,You're Too Expensive For Me,149000
6ee5218e-8de7-3b5b-aba2-44999408d1f7,Slaughter of the Bluegrass,Punish My Heaven,290000
aed5872d-fb5e-329e-89ef-4d4defe6ee04,Smash Mouth,All Star,200385
e5b59af9-a8a8-3366-a6df-5e66c39d96c8,South Park,Uncle Fucka,66011
cbbe3a05-c50c-3ea5-a2b6-e6062a83e80a,Stakka Bo,Here We Go,237400
78d2d424-23e2-3a4c-9561-b099357627e9,Stan Getz & Laurindo Almeida,Menina Moca (Young Lady),341198
616580bf-1412-31e6-a0d4-5447ebb154bb,Starsailor,Four To The Floor,231000
70ea2b64-3107-3b07-a35a-c0bab99ea6bb,Starsailor,Four To The Floor (Radio Edit),252174
e561ab6a-1764-3d47-9e83-b1456ade8bce,Stereophonics,Dakota,296088
207d3263-a2ea-3f43-a0c8-828fa02d1de2,Stereophonics,Maybe Tomorrow,273107
0768f03b-fdba-3c00-aace-7cb90d3049e9,Stereophonics,Maybe Tomorrow,272000
38720f3e-0e40-39ca-83bd-a16774719782,Steve Vai,Blue Powder,284679
54777a9d-3049-335b-a0ea-1f18dfcdb30d,Steve Vai,Dyin' Day,269085
695c323a-b1cf-3a3d-b8d6-697e0e7b1260,Steve Vai,For The Love Of God,363333
5bb58895-b6c6-3ed1-a591-81d845673e6b,Steve Vai,Sisters,248004
28af9d79-436f-3564-a461-9616c918d655,Steve Vai,Tender Surrender,301398
09a4f75d-bd22-31b7-b0c0-8c47ec91d164,Steve Vai,The Crying Machine,290844
d238ec52-20d0-34a3-9906-2968c2fce0ca,Sting,Desert Rose,285000
46d291be-f3ea-3dc1-be48-5a7b1e6c691b,Sting,Englishman In New York,266000
0f917603-1862-3605-9785-0aa13c0df5e8,Sting,Fields Of Gold,222000
83527e1a-3a47-3170-b47f-6ec39fb42b09,Sting,Fragile,235000
2e42d183-a68b-3a05-a5e0-f64822f4076e,Sting,It's Probably Me,308000
9fa941de-be66-3098-8786-8f88ab06ec21,Sting,Mad About You,233000
28adca74-336a-3222-a51f-d4d0e231fe94,Sting,Shape Of My Heart,279000
455b7186-dd9e-3a0c-aed4-27745f85ebf0,Stravaganzza,Hijo de la Luna,292000
97b1575b-e35a-3859-af1f-cd5da7074cd0,Subway To Sally,Arche,169639
e681897c-dca7-3614-bf06-7ad7979f305a,Subway to Sally,Die Jagd beginnt,183000
7ed9867d-e0ef-35aa-b4d9-a9f071b8bfd7,Subway To Sally,Queen Of Argyll,320754
cbe815a5-232b-3fef-8ba7-b10c13a701df,Subway To Sally,Rainman,310985
f18b7e2a-c217-3623-8901-e31828f41cae,Survivor,Eye of the Tiger,243000
423ee39e-1494-377f-8e21-4fb64a8658ee,Tab Benoit,Nothing Takes The Place Of You,241000
9a719c23-2365-30f0-a552-c40eaa58adb6,Tarja Turunen,Until My Last Breath,264000
37b8fcd6-911a-37db-b2aa-8272d2ebd7fd,Texas,Summer Son,242677
465f5af7-0c90-31dc-bcaf-240755bbe676,Texas,Summer Son,244000
f234f2c0-86ce-3b2e-b460-387e8dc71d2b,The 69 Eyes,Betty Blue,217258
35428fc3-4eb5-3903-be7e-4f786b73fa72,The 69 Eyes,Brandon Lee,208927
78bbe904-216e-31b9-b778-f65968d1791b,The 69 Eyes,Brandon Lee,210991
38c01991-0209-3742-9e03-4aae8508bb6a,The 69 Eyes,Christina Death,242126
b2cf5143-1277-3ea5-8aeb-3363c239b417,The 69 Eyes,Dance D'Amour,233142
3f18c701-771a-3d4a-8d58-d71223122067,The 69 Eyes,Ghost,257459
68fcd21a-3779-3ed5-bcd4-26afc450e0f7,The 69 Eyes,Lost Boys,203204
2f1014a3-debe-31f4-9c34-8ebbe5f7e2f7,The 69 Eyes,Red,227134
16fa1a07-1b43-3324-87a0-da25eb1cea7f,The 69 Eyes,Some Kind Of Magick,219115
e8b32662-d67e-3d14-a75b-a47614c96c91,The 69 Eyes,The Chair,249260
2490b117-ef65-3e09-a4e2-d54147e03b8e,The 69 Eyes,Tonight,224052
b64dae50-74d3-37e4-bcff-e395564d8620,The Agonist,Gates of Horn and Ivory,205000
fc2a9cfc-903a-3074-976d-85caf180b6e3,The Bangles,Hazy Shade of Winter,165000
f89e43d1-861f-3779-952c-b450ed927de4,The Cardigans,My Favourite Game,217000
465a5e3f-99c0-30db-97d9-ed6880680bbe,The Cranberries,Promises (Radio Edit),209144
78f1c573-c40c-30c2-b75f-1f91934e1d31,The Cranberries,Zombie,306442
d233ca54-8d3a-38fa-8f4a-f654dae557ce,The Dreadnoughts,Leonard Cohen,255000
592d96d7-99e2-37c8-85f9-4b2c4a331b03,The Flashbulb,Autumn Leaves And A Bath Tub,109373
2cbe39d7-f164-3fef-96ab-9149540c62e3,The Flashbulb,Room 13,147198
c175e028-9107-3675-97de-9d301e229892,The Flashbulb,Solar Motel,250485
b8025552-edea-3266-ae7a-a8dea76b27d5,The Hardkiss,Rain,207000
e4bfe662-8cd0-34ce-b661-f3e4d1ae19ee,The Hardkiss,Stones,227000
759e2b5b-2564-34ea-818f-5c8d8085192a,The Killers,Smile Like You Mean It,235021
9b9443cf-544f-33d4-9ee0-c242cf144868,The Killers,Smile Like You Mean It,235000
539518e5-959a-349d-ae9a-8cc13e06604e,The Killers,Somebody Told Me,196300
cb6713b0-fc29-3d0e-bc5c-5ae73b6cfce3,The Killers,Somebody Told Me,197000
aa272c96-5691-3123-b292-2c620b47cfef,The Kovenant,Mannequin,300000
9bda07b4-b265-3d40-805b-2203bdf6f8c3,The Offspring,Dirty Magic,228000
7d75c865-82af-36c0-89c0-123d7063dd68,The Offspring,Dirty Magic,240000
cb95b3c1-fa84-3487-b915-1a4ac98c1c86,The Poodles,Night of Passion,180000
edd7922b-f94d-33b0-9782-b9f5c009c35c,The Rasmus,First Day Of My Life,223262
53dee89c-ed15-3efc-96b2-773541f3e9de,The Rasmus,In The Shadows,245856
98e51c21-b346-34d7-92d6-feb8eff9dbeb,The Rasmus,In the Shadows,257000
c4b80901-43e5-3c46-bf4c-695655307eca,The Rasmus,No Fear,241696
b0a5cc79-d3ec-3f92-a95d-7bbd7fd6bf7c,The Servant,Liquefy,221438
fc148980-2e27-3253-a14a-1d11403405f6,The Stranded,Blood Like Gasoline,219000
a55e457a-ec90-3802-8123-3a81c8e9668d,The White Stripes,Seven Nation Army,231000
9935fbe3-f14f-36b8-82af-f6a9ac435048,Theatre Of Tragedy,Angelique,346119
34c03027-9112-314d-a15d-a02366a52454,Theatre Of Tragedy,Aoede,370883
b88d2b7f-d9f1-3fc5-9b09-1c79c61c749a,Theatre Of Tragedy,Cassandra,408629
aec0f30e-a7f6-3c5b-bce7-e0f91833634a,Theatres des Vampires,Moonlight Waltz,268000
8bcaac75-621a-3e7a-b13b-49810e2d923c,Theatres des Vampires,Sangue,238000
ced2f70d-d83b-358a-a2a7-431c3dda4731,Therion,Dark Venus Persephone,241176
c4633325-08e3-3eea-8924-565f846dc7f7,Therion,Lemuria,254358
a7d8dcde-d520-3236-b36f-787fa4af5784,Therion,Son Of The Sun,334126
5213a09e-b244-3f42-9b0e-f6bf1111077a,Therion,Summernight City (Bonus Track),292630
5098b651-fce5-352e-ad3a-30ac1003fbf8,Therion,Up to Netzach / Floating Back,246000
9044b22a-5230-3d9f-a1bb-5a65476ce22c,Three Days Grace,Misery Loves My Company,161590
dc567334-bbb5-373e-920e-b5874d37ea02,Throwing Muses,Mercury,253000
d111844d-9e26-394a-b8f9-bacdad39b82f,Tiamat,Best Friend Money Can Buy,275000
8a4caea4-371f-31c6-8e40-9cf9d198355f,Tiamat,Brighter Than the Sun,248000
b21b270d-0297-32b7-b72b-7e781daea92a,Tiamat,Church of Tiamat,292000
a8bd324e-9b63-34ec-bd61-6b2728a6982a,Tom Waits,Ice Cream Man,185676
4a80776f-6b12-3283-bc78-102436aedbea,Tomas Dvorak,Clockwise Operetta,232596
24d1fb17-791e-382a-97c7-ffbd5bfc5b0e,Travis,Sing,228804
c5f23b16-0372-3980-885f-158465986891,Travis,Sing,228000
9da6d386-5763-3d51-801e-2ea94de55acf,Triangle Sun,Beautiful,283008
6798de2f-55b0-303b-9a3c-9ebd04f66151,Triangle Sun,Harvest,246619
419e81ee-4885-32fe-90ba-c74068cd5bac,Triangle Sun,She Doesn't Care,324150
8e45b66e-dd44-37df-b63e-75085e142f14,Triangle Sun,The Answer,215717
34ce4b94-312f-3fc6-b7c8-c2b126d6b5ce,Triangle Sun,Unpredictable Love,312761
4bf5bc84-61c6-3a70-8347-4b17df685215,Triangle Sun,Upside Down,201036
bf5beacd-c1b4-30a1-bf78-10b3ce3af3ef,Tristania,Amnesia,294000
e484905a-cdd6-3bee-afd9-41cdd2563518,Tristania,Angellore,436659
38584c2f-f527-348b-ba52-00fb5e0d81d2,Tristania,Caprice,218000
76390916-a215-3e60-8d6a-cce3341abd2d,Tristania,Cathedral,211644
2e1d66b4-c020-34bb-96e7-75f797d99dbb,Tristania,Exile,266000
d387fe46-86d0-3b89-8a4d-3d5ceaa9752a,Tristania,Number,285178
43f0bc66-5910-30e5-9afa-43ad190667bb,Tristania,Pale Enchantress,391990
04e6235a-bcdd-3dc6-9daa-5cc3dae5b3d1,Tristania,Patriot Games,207000
54c4dc43-4eec-3a54-8d1b-362a6be81fdf,Tristania,Shadowman,391627
c88b91c9-475a-3698-86b8-7a9fa07e7a4f,Tristania,Tender Trip On Earth,318482
73c46ded-62a0-3ca7-8ce8-77a2870e8091,Tristania,Year of the Rat,275000
2d1198ec-5bb9-379a-8b34-39efd83fd647,Twenty One Pilots,Stressed Out,202000
99313dab-af8f-3b58-b350-fbc2ebafdca6,U2,The Hands That Built America (Theme From 'Gangs f New York'),298945
b441fc57-70ce-384e-bdb8-eca0453199b4,Uma2rmaH,В пролесье,307252
50fe431f-6121-3894-b380-c17c380238bf,Uma2rmaH,В пролесье,315000
bf72413e-767e-3ea6-853b-f0989fcba8f2,Uma2rmaH,Зачем?,309342
fca4c1ad-e47c-329c-bc21-e55e85e70ef0,Uma2rmaH,Раненный в висок,286354
a1e957c4-6aaf-384f-92ab-d0e718d9bc4f,Uma2rmaH,Ты далеко,206942
b439c41b-f1b7-3b9a-8945-7801df39c935,Uma2rmaH,Ты ушла,248737
4c29a331-5539-3277-9296-8ec707807aa8,Us3,Cantaloop (Flip Fantasia),279379
f7342161-fff4-3fa1-81a8-0c0abb1a7a7b,Us3,Cantaloop (Flip Fantasia) (feat. Rahsaan & Gerard Presencer),279000
b32d5340-bc10-3064-9a73-740d9614605f,Van Did & Lox D,Elena (Teho Remix),471000
057b5e35-dfeb-3315-a89f-35a3028d3134,Van Halen,Ain't Talkin' 'Bout Love,228436
d8360ae1-82f8-3afa-9a9d-bb2fdb5a1e5b,Vanessa Paradis & -M-,La Seine,172512
f28797f6-603e-3791-8cc2-c3d506c75687,Vibe. Lich,1001 Nacht (Le Marin),238576
12f49283-bc07-3342-a757-9a48f83cdb2a,Vitamin String Quartet,Feel Good Inc,215000
1654b66c-36d8-3b16-83f2-e5bb2969f3ea,W.A.S.P.,I Wanna Be Somebody,223000
f8d95b66-19f9-3fe7-96a0-3bbd67d826a4,W.A.S.P.,Miss You,461000
e7af3ae0-d5a7-3ae8-ab12-e68bbcad5f1d,Within Temptation,Hand Of Sorrow,335696
ca9a9448-8aaa-353b-bfb9-80f063360977,Within Temptation,Murder,256000
e2298c09-7275-3837-ba04-e67ccc6f903e,Within Temptation,Shot in the Dark,302000
b04c4d40-e441-3573-a701-dc83a497575c,Within Temptation,Stand My Ground,266812
633f127a-e38c-3ad5-a2ca-3a111a085f75,Within Temptation,The Howling,333110
54fb6e98-1c80-3e7c-89e0-6d2be7c951de,Within Temptation,The Reckoning (feat. Jacoby Shaddix),251000
0141a54e-c510-30c1-b2ac-901e51fdd8eb,WpX,Downpour (Original Mix),436000
9cfceef5-579f-38a0-af8a-65c4f1db94cc,Yo-Yo Ma,Unaccompanied Cello Suite No. 1 in G Major, BWV 1007: Prélude,149184
501269d2-ba9f-37ed-9ae3-f99a3dd6cca4,Yonderboi,People Always Talk About The Weather,298870
4f402191-b615-3c66-b66f-263fc2ada6b8,ZAZ,Je veux,215000
65cbccec-6257-3967-b811-4647cb8c7694,ZAZ,Le long de la route,206000
48b23dd1-9afc-33e6-8e7b-fb1516ece01a,ZAZ,Prends garde à ta langue,221000
dbb3dfa2-f6ec-38c4-bb73-e3823ab6dc86,Zodiac,Provincial Disco,262000
37212355-1e51-30ae-9e53-5aeaa186efc4,Zurrue,Voices in My Head (Original Mix),390000
d4d2cc9e-945b-3023-a806-4227c81894ca,Zемфира,Мечтой,233741
e7047d84-4e5d-352d-b767-26dcf749451c,Ólafur Arnalds,Fyrsta,255997
e46eb570-7296-3844-88ff-b747d3c88304,Ólafur Arnalds,Lost Song,221020
dba92703-a282-3ec2-bdc7-dae5d15e1157,Ólafur Arnalds,Tomorrow's Song,177004
3b64a2d7-76ca-3527-b3d1-1acebf86ba4b,Аквариум,Voulez vous coucher avec moi?,164675
2f7db0ae-0f2a-319a-9221-8a091048e8d6,Аквариум,Брод,253734
1fd00c0c-3875-37f7-81ef-416aff5f63ea,Аквариум,Кардиограмма,212420
b4f94687-9e85-3f62-bfa7-149891fcfbe6,Александр Розенбаум,Вальс-бостон,215000
6d91494b-299a-32e5-af64-d284dad88e64,Алиса,Камикадзе,289071
924abebf-008e-3ec1-a216-c04c54c1b38f,Алиса,Красное на черном,292490
e47d5981-ab0d-3b37-8f2d-7f474d561271,АлоэВера,Легче,272000
2ad6ee38-4e61-3c3e-84c2-bcd99672b576,Ана Попович,Unconditional,232000
caee4412-d2e8-3f34-bd9e-4830a4793048,Анастейша,Freak of Nature,219000
f5ab0bc1-4ad9-39d4-81e1-0f52cf2dfd60,Анастейша,Paid My Dues,200000
9df6fe7a-8cd2-3a91-99d4-af4c1f554477,АнимациЯ,Ванька,160000
ac94b7bd-0055-3d08-a616-1870970469b4,АнимациЯ,Родина,172000
41efbf27-d1a5-35c7-9f1a-fd2afc606d9d,Ария,Грязь,283765
0bb72928-6a7f-317a-b369-499b9dc53957,Ария,Дьявольский зной,293561
364f8509-ac97-32b2-b876-8a3cc02bc5cb,Ария,На службе силы зла,430833
acf9bd25-4d00-3239-aaa2-266a59a5dbb9,Ария,Тебе Дадут Знак,533494
1df2dd5d-d39a-35b9-a0c1-29ccd0dd4647,Би-2,Bowie (Acoustic Version),220000
4685dade-8e25-33b6-b9e3-7ce20d4db460,Би-2,Flamenco (feat. Carlos Ferreira),253000
095144f7-4eae-3f57-9579-7405a47b7bc9,Би-2,Ангелы,331000
4a309430-f227-378a-8243-f844d42c0ec4,Би-2,Вечная призрачная встречная,311000
082bd97f-c9aa-34ae-931c-55793809525b,Би-2,Дурочка,245054
6492b1a7-02fa-35c5-af4d-70ba173c4d3c,Би-2,Песок,257000
9ae96aa5-29d4-38ad-9444-bcfe42bcb6d1,Би-2,Революция,216000
17ab34cf-0a41-305f-98df-321a36ae74ff,Би-2,Сердце на волоске,253000
614cc161-e945-366b-b180-45761fae1cc3,Би-2,Скользкие улицы (feat. Brainstorm),339000
9e333a9d-61bd-3bb0-a747-333167ed47d4,Би-2,Теперь ты знаешь (feat. D. Sterry),282000
96f8a498-76c1-39a2-8271-b1e47416b25c,Би-2,Теряю голову (feat. О. Чехов),274000
414dc676-386d-3763-907b-c39e3d310efc,Би-2,Черный день,223000
d19d763f-f925-35e1-b55d-f0b838e8081f,Би-2,Шамбала,214000
878bc400-e5c7-333f-a73c-fb4ebd303aaa,Би-2,Ярмарка невест,326000
c204baae-ef88-381c-85c7-cd1718e15eca,Би-2,Ёлочный Сок,235950
953f9ed9-8bf1-360a-8d4d-8e014eaeae59,БоБРы,Думаю всё (feat. Cергей Попов),244374
0f626f5f-b037-3100-93c5-f5072f20e2ac,БоБРы,Тихой сапой (feat. Олег Грабак),335192
13e77fd5-c24d-3201-a213-643259e8645a,Борис Гребенщиков,Тяжёлый рок,285000
e7b3d0e7-5385-34e4-af30-d57f7495280e,Бумбокс,Вахтерам,240000
b383a985-ece4-3fcf-b51c-0f3070867d4a,Василий Уриевский,Не супер,224000
141f9f7e-2178-3b49-989f-4b02163a0cb8,Василий Уриевский,Песня ни о чём,246000
aefb866e-0f9d-3327-84e4-cdc52b1972d8,Василий Уриевский,Самый лучший начальник,202000
0d32c4cd-6e48-37c5-88aa-261752d8e408,Гарик Сукачёв,Дорожная,314000
3e692146-a42b-36b0-8356-5b6e9c8a6c26,Джози Чарлвуд,Feel Good Inc. (Loopstation Cover),325000
b385be3e-9a56-3afd-a946-a2116523862b,Джоэл Нильсен,End Credits Part 2,116000
06c42837-a440-3113-9e3b-88e68c700b0e,Дэвид Хаусден,A Time for Change,218000
307bfdda-0290-3702-9802-80518dfb44dd,Евгений Гринько,Carousel,131000
b6066ecd-c0ea-3c6c-9aba-78f0c709840d,Жанна Агузарова,Старый отель,237662
bf958d53-18df-3051-b234-6d4d4d56954f,Запрещенные барабанщики,Девушка в платье из ситца,163134
2756d22e-d306-310e-b404-5e5ee6b72bfd,Инна Сухорецкая,Весна,263160
e754e831-159c-3470-93e0-111fca3e5ef6,Инна Сухорецкая,Ночь в октябре,252107
969635e2-9e4f-3bcf-b218-030193394148,Калинов Мост,Иного Не Надо,196987
5775819d-387c-387f-9122-90368aa260b0,Калинов Мост,Родная,309574
df6c6c64-2216-36a5-ac95-90cea3f750d6,Камий,La jeune fille aux cheveux blancs,136000
f945f773-b331-3375-bc87-d7f04655701d,Линда,Я украду!,184000
77e549ab-b50b-3168-93c2-2f33531b1366,Майк Олдфилд,Ascension,349000
affe3984-ab71-3dfc-80b8-cc55553ed53e,Майк Олдфилд,Crystal Clear,342000
82e01fa4-3b05-3a93-8a7c-9bb97b862b69,Майк Олдфилд,Let There Be Light,297000
95aa5182-238c-3eda-8295-556ab9a4a2d6,Майк Олдфилд,Oceania,199000
c10f4e24-4d7f-3aa6-a639-604e140bbad1,Майк Олдфилд,Only Time Will Tell,275000
101fa783-1899-3f44-b504-48b928574fc5,Майк Олдфилд,Tubular World,204000
4098ce6d-d25c-3a1d-ad2e-649de35e5209,Майкл Джексон,Billie Jean,294000
2e6b9db9-74ac-3f61-a39d-04a4f977ac7f,Майкл Джексон,Give In to Me,328000
53d95335-d23d-39bb-8947-9fbecf9a9ce6,Машина Времени,Мой Друг (Лучше Всех Играет Блюз),250000
08755692-5725-3fff-96fd-d2ed9920d6b5,Машина Времени,Она идет по жизни смеясь,142210
4c2b62bb-bc1b-3ee2-9021-9e2d3d7bfda0,Мел Торме,Secret Agent Man,155000
62c4894f-ac63-3b47-a78b-51688f1259e2,Мельница,А если бы он,240604
7f2ca00e-d765-3207-8c9a-3ce403342a87,Мельница,Ведьма,294919
2daeb0c5-8df5-31a1-9e2c-2396ea316cbe,Мельница,Воин вереска,350480
125e761e-a625-3739-a404-9ac98dc187e7,Мельница,Волкодав,301163
ef42f504-d513-3e5f-a63b-02f06ca21107,Мельница,Ворожи,220760
734ea813-e9e1-36dd-8b5e-7594f032284a,Мельница,Горец,203996
2a1c8d66-6b16-3056-8434-0e07f8326b54,Мельница,Господин Горных Дорог,318798
4eaee00c-3859-3588-97b9-17007fdc4c4a,Мельница,Далеко,253594
21c4b627-39ec-3fa6-bc91-fd0b448a7e4b,Мельница,Двери Тамерлана,208442
5c0fe89a-61f3-3379-b223-7fc67604fd8c,Мельница,Дорога сна,192374
d35bc5c8-7796-337b-b8d3-f44be6997034,Мельница,Дракон,238394
4078eb2c-f795-33ae-aaec-d7c3049bf759,Мельница,Зима,259766
e0ffd4ab-0a2a-3ea3-89b6-8bf719f4f9d7,Мельница,Княже,344682
d7e70a86-5e2e-3f99-ad53-6e6ab6b769e1,Мельница,Королевна,319000
15bf158c-e923-39ff-9f9b-73bfe431fdfe,Мельница,Королевна,869000
07cc001e-27d0-3568-8f16-0dea0e36aeb0,Мельница,Мора,250380
7a8c0bc8-7964-3085-9212-d48f7344c5ca,Мельница,На север,214489
fa07fafe-8a5e-30af-b2fa-28200468d5c1,Мельница,Невеста Полоза,271154
34e72edb-8bd9-3749-ad1e-6524adca7181,Мельница,Ночная Кобыла,244244
6c9c3aa6-51ac-363d-98bc-e3758373bfcf,Мельница,Огонь,301808
c5d5cea8-3fbe-3463-bf50-9d6077afb890,Мельница,Рапунцель,161174
0ace38f1-2cda-3131-a368-20325fe5e95f,Мельница,Сказка О Дьяволе,401054
9b70313f-c183-305b-80bc-3a3fd31eadee,Мельница,Ушба,304590
e15ef5d9-5d67-34b1-9fb9-e36c02dd9ded,Мельница,Шелкопряд,253786
f81710e2-6598-3862-8f62-f17154f83ecd,Наталья Маркова и группа ""Двуречье"",Ветер в облаках,259761
0ee30d51-21f6-3176-81db-573e995bd1ac,Николай Гринько,Наши на луне,281000
37b55104-90ff-343f-85ff-d2df31905ed0,Николь Шерзингер,Everybody,228000
2dde6979-53f0-3121-bfb7-2b646efcd404,Николь Шерзингер,Poison (New Main Version),227000
c166d5d7-46f9-3724-a373-b3c06f4390ad,Обе-Рек,Золотая рыбка,247000
b4628d75-1362-3ab5-8934-7c9255eee7b8,Океан Ельзи,Без бою,259000
67cfa5ef-3df0-3db1-b8a3-7fcd20a5b206,Океан Ельзи,Відпусти,232000
326bed52-d520-3f91-b745-386aad5f9c15,Океан Ельзи,Коко Шанель,234260
378f651f-c7e9-31ac-aedb-5813894c4369,Океан Ельзи,Той день,238000
0686c78d-39c9-3313-afe6-8e7beb426219,Океан Ельзи,Фіалки,222000
768ae37e-b59f-3ddd-8b69-2575faf46509,Ольга Арефьева,Впотьмах,179000
8bf1d753-f995-3a3b-8187-8a681952c5ac,Ольга Арефьева,Мыловар,254275
a8531cc4-72b2-358c-9073-9796a4cdbf9c,Павел Пиковский и группа ""Хьюго"",Антивоенный джаз (feat. группа Хьюго),220000
fb6ac30d-8d33-312f-8b9a-9fc5af4f8979,Павел Пиковский и группа ""Хьюго"",Вы обнаружены (feat. группа Хьюго),247000
f18e74b6-c9b8-3b9c-960a-260cb288e9e1,Павел Пиковский и группа ""Хьюго"",Кали-юга (feat. группа Хьюго),233000
ebf8aa7f-afd8-3421-ac1a-70ca2aa76a4a,Павел Пиковский и группа ""Хьюго"",Меняй (feat. группа Хьюго),173000
a20c91e8-ce75-3311-8024-b167465865f6,Павел Пиковский и группа Хьюго,Антивоенный джаз,195395
8b6ec09c-0b3d-32ae-907a-ab8b904e4c4d,Павел Пиковский и группа Хьюго,Небо моё сердце,277681
31464dda-dd10-3468-b331-2060299237b0,Павел Пиковский и группа Хьюго,Радость моя,199549
d1a064d9-4cc4-3a8c-b575-dcf8d6e7117c,Павел Пиковский,Bad Trip,191496
4c3c5c93-23d7-37d8-9575-285030d23978,Павел Пиковский,Антивоенный джаз (feat. группа Хьюго),220001
1e10e6bb-750c-3eb2-8152-a1d41abe8d63,Павел Пиковский,Вы обнаружены (feat. группа Хьюго),247612
53129689-36db-319d-a1e9-ec48f907c5eb,Павел Пиковский,Кали-юга (feat. группа Хьюго),233506
ac419f44-b39e-3796-8e0e-b694a6172d44,Павел Пиковский,Меняй,147744
a7727c73-681a-3e5c-a108-88bcea6a61ce,Павел Пиковский,Меняй (feat. группа Хьюго),173242
68819b5f-88c4-3000-a59b-fade0dc1c25e,Павел Пиковский,Небо мое сердце,278700
d0c01bac-50fd-32d5-9195-158600d62940,Павел Пиковский,Поднялся я и выпрямил хребет... / Радость моя,322416
b05b1e8d-0504-3564-a3f1-798b3496219c,Павел Пиковский,Пока мы веселую воду... / Побыть одному,343440
e7e74034-697f-3b3e-9353-c2fef08e7a47,Пикник,А может быть и не было меня,347000
ae9176a0-0613-3e9a-989e-5eb449086cac,Пикник,Азбука Морзе,257000
33496f28-5eb3-353e-aea3-536d8a804e14,Пикник,Азбука Морзе (Single Mix),257000
8cf45602-67a1-34c6-b6eb-3567b058d1dc,Пикник,Великан,300000
0827edda-accb-3df0-97f5-8e99c46fede7,Пикник,Вечер,315000
fb99cf36-e2c4-3a99-9f8e-7da32e14db3b,Пикник,Говорит и показывает,261000
cf10554c-af68-34f2-a5c3-f3339610862a,Пикник,До Содома далеко,321000
4d7d7d85-bec0-388b-8682-5055c670b322,Пикник,Иероглиф,374000
d76817dd-576f-39ab-b1ab-1bcf090f8d39,Пикник,Из коры себе подругу выстругал...,263000
46b4433f-9037-35b6-a2fd-5c9d3c53f369,Пикник,Из мышеловки,270000
2fc87f1a-1df6-3272-8c10-5b7bc8277bf1,Пикник,Когда призрачный свет...,314000
7397fe2e-b698-354d-ab9d-b5d3d82f8fde,Пикник,Королевство Кривых,290000
f6813e07-8216-3f04-931c-79c3e699eed7,Пикник,Немного огня,252000
486ba311-a319-3777-91db-2b8ff9e02192,Пикник,Остров,289000
58fbea97-1eb4-394e-a297-f9fe30597cd6,Пикник,Пентакль,308000
307ff5a4-2b87-3d9f-ae52-d9e9ab64632d,Пикник,Серебра!!!,264000
fa0b5eb4-6bca-3598-b061-606b17aefb93,Пикник,Твое сердце должно быть моим,263000
11c9400c-00a1-37d1-8fa6-07d63c54c345,Пикник,Телефон,297000
453ebe49-63de-3c35-92a6-07a930b133ab,Пикник,У шамана три руки,211000
4a5fd75e-077c-3508-b3bb-8161a9bcb3bf,Пикник,Фиолетово-черный,251000
97c4315a-5443-3d9e-981c-1df5fbc0dbc9,Пикник,Я почти итальянец,262000
4a3aa3fb-3d61-32fa-ae31-043a3fdb96b0,Пилар,Молчать (ча-ча-ча),224796
d0c768e3-7169-3462-808f-e39f8a809cec,Пилар,Питер Пэн,185640
20028a8b-4617-3d43-a9b8-7c0d151303ef,Разнотравие,Грешник,274207
01f7ea84-c4c9-3e07-ab35-597dd4698e2c,Разнотравие,Домовинка,270785
4f274f28-69fe-3a52-b9db-25a88c573485,Разнотравие,Каторга,231340
3b7933f1-fb44-3240-aa7e-cf43bd7ec61a,Рекорд Оркестр,Гастарбайтер-Буги,190000
a7345f7a-c29f-316b-b8bc-518253413274,Рекорд Оркестр,Лада Седан,237000
af70b35b-4344-3657-b3cf-95d334972a1c,Рекорд Оркестр,Три звезды,234000
a6982416-7971-3ef8-944a-0140dbe60bc4,Ричи Коцен,You Can't Save Me,257000
c884d40a-fa34-3dea-844c-fa275913ab56,Саймон Макбрайд,Don't Be a Fool,227000
210dcb16-390d-3922-8dc7-9abeafdfcbed,Сандра Насич,Fever,202000
9219926e-eaf6-3056-af87-7f893d030a51,Сара Коннор,Under My Skin (T.S.O.B. Mix),194000
d7041042-0410-3cb2-81a6-18784cb2be9d,Сергей Бабкин и K.P.S.S.,Париж,227341
6771bc15-8580-3d57-88b7-8206ccb7bb63,Слот,2 войны,225000
add5b9f4-3880-32a5-9bc6-1ab06c92f937,Слот,7 звонков,284000
6ab90782-87dd-354d-8899-39a54d451702,Слот,Ctrl+Z,249000
254bfacc-4456-317d-9d8f-85bb34509145,Слот,Бой!,240000
38642996-0b74-362d-8208-32fe640a2c70,Слот,Две Войны,225000
777b0e1b-225a-32a8-b80f-50be39b3a744,Слот,Зал ожидания,233000
35028f95-e18d-39cf-8f54-558d0d33af5a,Слот,Зеркала,214000
4107f4b1-33a0-3ef6-85f8-64de8f67c2c9,Слот,Круги на воде,281000
81f69a9a-3156-314e-9315-04b4c1647fb4,Слот,Лего,206000
6afa442d-60e8-3d96-98f5-8c3048cc923c,Слот,Мочит, как хочет!,228000
8e17e127-2be9-3ee8-80a3-919013ccfa2b,Слот,Мёртвые Звёзды,180000
51496d57-e895-3855-b5e1-0a139ea90a99,Слот,Над Пропастью Во Лжи,207000
fc728e07-922b-391b-bd83-d2a3a8d2abe0,Слот,Одинокие Люди,203000
e2a0e417-00bf-3cb1-b40c-080289303877,Слот,Одни,191000
2fa72b0d-1652-35f8-9cf9-5a904cab425b,Слот,Платно,246000
181fec4c-fab2-33db-b613-674869cebb0a,Слот,Предательская,234000
3110b2cc-8882-3e1c-baa9-738945b1d03b,Слот,Реинкарнация,231000
51cd2e56-8d87-312f-a798-e6bed76d2f9e,Слот,Страх и агрессия,239000
be9085a6-e577-3cfb-a7a6-dcb6bf13f03d,Слот,Сумерки,231000
c3799ee4-9cae-384e-b7e3-57bd37f53521,Слот,Три сестры,209000
6a87a572-e349-3891-8f8c-cd6e555b6d64,Слот,Туда, где небо...,241000
f920f4da-45c0-33e4-ac5d-a3921187eba0,Слот,Хаос,207000
2794d38c-1895-316b-a2b9-f9d11c8c5d22,Слот,Я знаю,224000
b9e85e93-d8a9-3778-80f6-12c569e19caa,Сплин,Сиануквиль,152000
f1c95649-41cb-3f36-8173-400044ae0b20,Тим Мак-Моррис,It's a Beautiful Day,134000
383844c8-3b93-333f-8551-df28357c83d3,Тимо Маас,First Day,232000
c22f764f-2c45-3234-9718-2c82b244fc09,Тимур Шаов,Любовное чтиво,361000
1389c3cf-6b07-3ae3-9c8e-c077f0473735,Тимур Шаов,Любовь к домашним животным,264000
658bf9b8-f264-3f28-a20c-96ea7e19bfce,Тимур Шаов,Суррогаты,193000
1cfe9147-6344-3d96-a549-3a56dbfc3c2f,Торба-на-Круче,Друг,300000
593f17d2-7397-3e82-bf98-0d213982b82c,Чиж и Со.,Полонез,326504
e5f9aff2-d81e-3093-9f4c-4e3b5f291a7d,Энди Тиммонс,Cry for You,415000
6d3362f1-e8b5-3727-95c9-b4b7f28b3638,Энди Тиммонс,Groove or Die,148000
fccc781a-4d7f-307b-b5f8-7584866b1434,Юрий Антонов,Я вспоминаю (Ю. Антонов - Л. Фадеев),344000
34f00f73-d922-3ab1-b318-446c33fd61bd,Юта,Вольная,165119
13581efd-d6f4-3fda-b926-1742832441c0,Юта,Имя,251297
fcebb395-1008-3c8a-bde9-b3ba522292e6,Юта,Фиолетово-Черный,190772
