UUID;Artist;Track title;Album;Duration (milliseconds)
a9fb565e-4f48-3d8f-b1fe-8a17a823926d;-M-;Qui de nous deux;Qui de nous deux;224380
93340e7b-987b-3e1e-b8fb-aadb72d388d7;3OH!3;Starstrukk (feat. Katy Perry);STARSTRUKK (feat. KATYPERRY);203126
27863c19-6299-3e6a-92a0-218f8d83a6d4;3OH!3;STARSTRUKK (feat. KATYPERRY);STARSTRUKK (feat. KATYPERRY);203000
1dea00fd-3d69-31a0-8ee1-c953f2159c3c;5'NIZZA;Свобода;Анплаггед;183507
e2fbedaa-4cdf-3ee4-b3d6-68bb14ac3fb3;5'NIZZA;Стрела;Анплаггед;128429
4f72a92c-ee41-3022-99ca-dea515b5f52a;5'NIZZA;Ты кидал;Анплаггед;186711
96863bde-6337-3592-ab3a-af150e6c3ca8;5'NIZZA;Ушедшим слишком рано;Анплаггед;208561
71f648aa-9f52-3599-81a1-ac44600a56bb;5'NIZZA;Я с тобой;Анплаггед;250682
a73bfe2f-b8e0-3acd-973b-d0f4c870d574;5'NIZZA;Немае куль;О5;169613
b98811b8-1acc-3254-8e20-0eee08fac09c;5’Nizza;Весна;Анплаггед;253857
d5712602-506a-3afb-a32f-8483d98c2452;5’Nizza;Нева;Анплаггед;291422
6c14ac55-5cdc-3091-b832-4a2008fd250d;5’Nizza;Солдат;Анплаггед;192653
7d4f7c80-7a8d-36df-8b13-435993f76faf;8 Bit Universe;Feel Good Inc (8 Bit Version);8 Bit Chips and Dip;221000
4fe31a7c-cfe2-3a1b-9fd2-fd15346e2982;a-ha;Take On Me;Hunting High And Low (Deluxe Edition);228000
dc49f811-59d2-3755-84a2-e8a036c02d52;Alain Souchon;Foule sentimentale;C'est Deja Ca;324908
e6ca55e8-22c9-32cc-b57b-7a0ce52df5a0;Alice Cooper;Poison;Trash;270000
cdbeb46f-8a2b-30b7-8547-cd9a28b5708f;All Saints;Pure Shores;The Beach [Original Soundtrack];269557
f25f16ec-1acd-334c-9b56-6dd4eeeec603;Alla Farmer;Circus (Original Mix);Circus;385000
cb417ac8-98f3-3a67-a579-f4a171f5ae16;Allegaeon;1.618;Elements of the Infinite;258000
a30726f4-7330-32ec-bba6-102f1b6ff10b;Amaranthe;Drop Dead Cynical;Massive Addictive;197877
177f81b9-8061-340b-9405-9a0f69dfdc75;Amberian Dawn;Cherish My Memory;Magic Forest;259000
4b6cf8cf-b8c2-3048-98cd-ad3a2c38946c;Ame Caleen;A demi-nue (Space Morisson Radio Edit);A demi-nue;190000
7eca4235-0335-38c5-bdd3-f7cf8d011189;Amorphis;Alone;Am Universum;378119
dc9761ba-a8e2-3009-a692-8d315ef18492;Amorphis;The Night Is Over;Am Universum;244295
22e39865-b0df-3187-88c0-e20295cc113b;Amorphis;Black Winter Day;Black Winter Day (EP);230894
f7b908ac-1eac-3032-ae01-4e59591f444f;Amorphis;Light My Fire;Black Winter Day (EP);172694
f06a6eb9-4e04-34ff-bcd7-3ec65a57fb48;Amorphis;House of Sleep;Eclipse;255000
605f80b3-9c10-302d-bad4-90007fd329ba;Amorphis;Relief;Elegy;249258
70ca1bda-2e9c-3a1a-9365-d8459d48e61f;Amorphis;Black Winter Day;Tales From The Thousand Lakes;230894
66d5af5f-0ae0-3d5e-97da-041c771e9614;Amorphis;Drowned Maid;Tales From The Thousand Lakes;262002
1748e57e-28c9-32ae-928b-22c4a4e6ab62;Anastacia;Sick And Tired;Anastacia;210337
40648051-6aa3-3071-be5d-fcd084401067;Angtoria;Confide in me;God has a plan for us all;254000
00e98f2c-c1a3-3d3d-87f3-8516840c2aef;Annihilator;King Of The Kill;King Of The Kill;191895
7c500ce6-ff2c-3df2-b8d2-0a876ec8dca2;Anouk;Don't;Lost Tracks;216084
700f0aaf-59a7-38fc-b832-7922f6e4b6aa;Anouk;It Wasn't Me;Urban Solitude;267467
48f62a74-b9da-3c5d-8943-705d0f92e41f;Anouk;Make It Rain;Who's Your Momma;241841
a6438946-d8c9-3453-b8ea-14ec50a117d0;Anouk;Might As Well;Who's Your Momma;189544
ffac1db9-ab7e-3363-841b-438cb0b06840;Apocalyptica;Path;Cult;185354
937fdec7-97c9-33a4-ac74-dec936b3c145;Apocalyptica;Romance;Cult;206310
38a6da21-b13b-3a89-bfdb-96aef741648e;Apocalyptica;Until It Sleeps;Cult;194000
9f54c693-3117-34f6-98f2-2cd15d0974d5;Apocalyptica;Nothing Else Matters;Inquisition Symphony;285544
84a01cc3-afff-35a9-99bf-84ec7f14138d;Arch Enemy;Time Is Black [Instrumental];War Eternal [Limited Artbook  Edition] : CD 3 Instrumental Play-Through;326269
b49b8b65-71f5-3e9f-95fe-73cdfe6d0432;Asking Alexandria;Moving On;From Death To Destiny;242000
5162692e-9389-30f5-b4bb-353c589c4742;At The Gates;The Flames Of The End;Slaughter Of The Soul;176901
3cff8428-4190-3c0e-a6dc-4c3832667632;Athlete;Wires;Tourist;256074
3e426a8c-b290-35a9-91de-7124a74bd080;Atlas Plug;Around The World;Around The World (Remix EP);273737
4aa1f41f-e2b2-3f12-913d-08de85a14312;Audioslave;Be Yourself;Out Of Exile;278174
400b1b62-a511-360f-8503-1d342bfb7b3e;Ava Inferi;The Heathen Island;Onyx;559000
29ff71f0-a236-3723-aeba-108de6cfe0c1;Avenged Sevenfold;Bat Country;City Of Evil (PA Version);311000
75d5868a-a028-3f5c-93d5-a30889a22aaa;Babylon Zoo;Spaceman;The Boy With The X-Ray Eyes;242000
612116b7-4af5-3170-9538-b132f1913bb8;Barney Kessel;Autumn Leaves;Autumn Leaves;296095
b7e582b4-f8b5-32a3-92ad-bcc634aaf3e6;Barney Kessel;Little Star;It's A Blue World;270628
eb79675d-fa23-3ab8-93b2-fb16b8ccad4b;Barney Kessel;Little Star;Meets Barney Kessel;275354
8f2feddc-874d-3621-b9c2-f3e3f87bfca6;Barney Kessel;Autumn Leaves;Swinging Easy!;296095
9f9874e8-2ec1-3068-bac1-8414713b04df;Bee Gees;You Should Be Dancing;The Ultimate (Japan WPCR-13706) (CD 1);256466
1fc61c71-b165-3596-b8c1-fde361079938;Ben Prunty;MilkyWay (Battle);FTL;159692
f7939ab9-c3d9-3638-9b26-be72a1bbf13f;Ben Prunty;MilkyWay (Explore);FTL;159692
8244feea-c213-3603-9b65-a5b224465e8c;Beth Gibbons & Rustin Man;Tom The Model;Out Of Season;220792
85df539b-42e0-32f5-9ae2-c3dcc4d3dd32;Biffy Clyro;Bubbles;Only Revolutions;301000
330c4677-c94c-3394-a2e2-ec7dd31b28bf;Black Attack;Bang Bang;On The Edge;237900
ec13a908-910e-30b3-8bd7-20b3b7a1156d;Black Eyed Peas;Don't Lie;Monkey Business;218331
64862548-5562-3544-a569-380bfb6f7569;Black Eyed Peas;Pump It;Monkey Business;212532
44f406a3-6daa-3ad6-8ea2-ac08f419af2a;Blackmore's Night;Minstrel Hall;Shadow of the Moon;155949
6f484271-af8e-3a33-811a-848245f37058;Blackmore's Night;No Second Chance;Shadow of the Moon;338570
a05ba6fe-5403-3c4b-8c20-4ae1fac2c4a8;Blackmore's Night;Ocean Gipsy;Shadow of the Moon;365998
856a52c6-4816-362d-adaa-28f726a7a16e;Blackmore's Night;Shadow Of The Moon;Shadow of the Moon;306152
b6ae60fe-a99b-32ce-bf18-50933c395a42;Blackmore's Night;Spirit Of The Sea;Shadow of the Moon;290008
ffb42c62-9adc-3f28-ad85-6c29cf6af732;Blackmore's Night;Beyond The Sunset;Under a Violet Moon;224781
1e74589d-9757-3979-9c1e-8a585080f4f2;Blackmore's Night;Gone With The Wind;Under a Violet Moon;323811
c5491b86-da34-3abb-af91-3fa0a7c4d64b;Blackmore's Night;Morning Star;Under a Violet Moon;280970
a36e91f9-81f8-3a3c-8f94-c1996499ad4d;Blind Guardian;A Past And Future Secret;Imaginations From The Other Side;228519
5de61058-da06-334b-85ec-ffa25b94d90a;Blind Guardian;Bright Eyes;Imaginations From The Other Side;316865
c3b1419f-764d-35ff-b413-8db51f984c16;Blind Guardian;Mordred's Song;Imaginations From The Other Side;329560
9f3bb4be-c662-3c5d-ad08-35e5c01bb89b;Blind Guardian;The Script For My Requiem;Imaginations From The Other Side;369136
8db78c93-ef75-37e3-bd84-1fd17ebccbee;Blind Guardian;Mirror Mirror;Nightfall In Middle Earth;306024
35d686e9-a6e0-362a-8289-356fd46a6e9e;Blind Guardian;Noldor;Nightfall In Middle Earth;412238
0b353542-cce7-3cd8-bbf3-96d0621fd7fd;Blind Guardian;The Eldar;Nightfall In Middle Earth;218296
dfacee61-fa23-3013-a93c-998e256df12b;Blind Guardian;Theatre Of Pain;Somewhere Far Beyond;256940
0e8bcbe5-b751-3f8b-9b6b-8f349aa4818e;Blind Guardian;Bright Eyes (Acoustic Version);The Forgotten Tales;262530
22206b59-b411-354c-86fd-0d9b76ddf342;Blind Guardian;Lord Of The Rings (Orchestral);The Forgotten Tales;236591
971ef318-6f6c-3066-a3c7-46a4233ae372;Blind Guardian;The Wizard (From Uriah Heep);The Forgotten Tales;197642
0d84f5b1-39ce-3d0d-a1b8-c1ccb480b303;Blind Guardian;To France (From Mike Oldfield);The Forgotten Tales;282514
c66b6fd2-1fac-3d05-b853-7785aec1b22a;Bloodhound Gang;Uhn Tiss Uhn Tiss Uhn Tiss;Hefty Fine;260000
dc9b4d18-c19e-33bb-9453-e1add634b649;Bloodhound Gang;The Ballad Of Chasey Lain;The Ballad Of Chasey Lain;141882
2e668b41-a1e2-3317-bda5-d849cd2faef5;BlueTonicWorld;Listen;The Deepest Blue Album;288845
80407157-f018-3de4-84ec-5308ba1c241b;Bobby McFerrin;Don't Worry, Be Happy;Don't Worry, Be Happy! [Disky];290011
e376f984-6aef-35ff-9900-9edc740916a5;Bon Jovi;Always;Gold rock ballads;353123
83623078-b36d-397b-b05e-bf6d8a1a6280;Breakbot;Shades Of Black;Let The Children Techno (Compiled and Mixed by Busy P & DJ Mehdi);162000
24e4daf5-6d1b-319c-99e6-2c3c7d9c8599;Bregovic & Kayah;Trudno kochac;Bregovic & Kayah;233532
44529650-abc9-36cd-bf86-46cce0fc4158;Bring Me the Horizon;True Friends;That's The Spirit;232000
2b9a9219-b69e-3f2d-9b4a-b602d01b46df;Britney Spears;Toxic;In The Zone;198000
e041b3cb-5f67-3513-aafe-d8e456ae0899;Bruce Springsteen;Cover Me;Born In The U.S.A.;205000
edd7716e-6bb0-3b41-bb01-44905795f410;Bruce Springsteen;Downbound Train;Born In The U.S.A.;215000
a3e3de59-8bf3-3e31-89d3-3f621e430075;Buddy Guy;Ain't No Sunshine featuring Tracy Chapman;Bring 'Em In/Skin Deep;204000
a7c48fd5-b0d8-3aaf-998a-230e6e0100e0;Carbon Based Lifeforms;Abiogenesis;World Of Sleepers (2015 Remaster);405000
d11f228d-962e-39e0-a0e5-76b95a36fa47;Chevry & Mebrouk;Drapeau blanc;Joueurs de Dames;220238
8f88f8f8-cd7e-396f-93c4-a4963f5a0056;Chevry & Mebrouk;Joueur de dames;Joueurs de Dames;306233
9dd5764a-0141-3e7a-a201-4d95449358f5;Chicane;Lost You Somewhere;Far From The Maddening Crowds;507000
020f1de5-33a2-3aa2-9285-63b10d621469;Children Of Bodom;Children Of Decadence;Follow The Reaper;333164
9660a164-54c6-35c4-ad33-a3ff8f4a2334;Children of Bodom;Somebody Put Something in My Drink;Hate Crew Deathroll;200829
e208a43d-8f97-3825-8222-ec1ba3cbad31;Children of Bodom;Towards Dead End;Hatebreeder;307432
fb00c88f-9ce6-38fb-85ed-a04207a8b0b7;Cilver;I'm America;Not The End Of The World;222000
43202ec8-ee06-3ced-92e6-838fd16f0d19;Cirque Du Soleil;Pokinoo;Saltimbanco;309106
a08935a2-571a-3c5c-9f20-9d1550638d91;Coldplay;Speed Of Sound;X & Y;287000
97fe20e3-dc81-3695-8c84-113061d0a09e;Conjure One;Tears From The Moon (feat. Sinéad O'Connor);Conjure One;257000
20e6fd07-1e4e-3fc7-a1d2-9a8435d5cc77;Covenant;Bullet;Northern Light;302000
7221f3aa-a197-3f00-a2bd-ba0fa3a8eb42;Covenant;Call The Ships To Port;Northern Light;295000
70a9d2df-abb8-39cf-9d96-3131d7771824;Covenant;Invisible & Silent;Northern Light;278000
56f8a087-2203-34d7-82da-f9b77802e05d;Crematory;Awake;Act Seven;341146
daa34b0f-c8d5-32a4-8288-e51c99599d77;Crematory;Temple Of Love;Awake;284414
c2191464-86e5-329c-a56c-68525b6dc2e0;Crematory;Tears Of Time;Illusions;299078
142fa63b-7a7a-3196-907b-9e619744bf5c;Crematory;Nie Wieder;Klagebilder;253968
2a73655b-187a-3c21-959c-1a9948bd1cd1;Crematory;Die so Soon;Monument;265000
e82b2739-df8e-39cc-934d-ccb1a2a2cb34;Crematory;Ravens Calling;Monument;253000
2dae1483-d8c0-3cd5-8062-8bdc37f20ed0;Daft Punk;Around The World, Harder Better Faster Stronger;Alive 2007 CD1;341094
119d587e-1fa7-3438-acc8-e1da3762900a;Daft Punk;Aerodynamic;Discovery;206648
289af410-179c-34b8-9173-fec80d9caf80;Daft Punk;Harder, Better, Faster, Stronger;Discovery;223314
07bfb281-c7b9-36b3-8267-d3ad6b65c816;Daft Punk;Something About Us;Discovery;232670
72318362-a772-381f-be1c-012b8761dd81;Daft Punk;Around The World;Homework;427596
cd04618a-6167-3896-881a-a5436856bad1;Daft Punk;Around The World (Radio Edit);Musique Vol 1;241000
817e7986-9bc4-3f39-8e8b-fd1a4f61090b;Daft Punk;Get Lucky (Feat. Pharrell Williams);Random Access Memories (Japanese Edition);367900
4faa1728-45ba-3cf3-8da5-6660f53bf766;Dark the Suns;Reflections;In Darkness Comes Beauty;257000
fe4a15f2-c96b-3175-84da-a8c5a86c95b3;Dark Tranquillity;Atoma;Atoma;259000
914a9e72-3642-31b8-a8ef-bbd94e558d11;Dark Tranquillity;State Of Trust;Construct;246384
8d141620-666d-38b7-82d5-fccb4efd8a22;Dark Tranquillity;Cathode Ray Sunshine;Damage Done [20 Years Anniversary Edition];254119
6d39ac82-f846-3ce5-8fd3-548d7a118283;Dark Tranquillity;Hours Passed In Exile;Damage Done [20 Years Anniversary Edition];285779
9f94dcaf-2ea0-396e-8f5a-d9a6a4311a50;Dark Tranquillity;Monochromatic Stains;Damage Done [20 Years Anniversary Edition];217887
7e73dd3e-4b77-3f63-bef1-dabd4a31c8d7;Dark Tranquillity;The Poison Well (Bonus Track);Damage Done [20 Years Anniversary Edition];246543
ff420834-6fe5-3d08-be5a-e465074cc21a;Dark Tranquillity;The Treason Wall;Damage Done [20 Years Anniversary Edition];210703
07feb2fe-d51a-3e0d-932b-bab7388e5d02;Dark Tranquillity;Hours Passed In Exile;Damage Done;285000
c8315005-5634-3131-af18-5365f6a31446;Dark Tranquillity;The Treason Wall;Damage Done;210000
8a9c5f6b-f608-3c17-a235-3aa962503389;Dark Tranquillity;Misery's Crown;Fiction [Expanded Edition];254119
adfbf038-ff84-3e95-8309-0b9a4e3f62bc;Dark Tranquillity;Terminus (Where Death Is Most Alive);Fiction [Expanded Edition];264254
be85e84d-9c0c-3035-be51-77cb562e8a95;Dark Tranquillity;The Mundane And The Magic;Fiction [Expanded Edition];317675
6f710727-fd3e-3b4c-920d-137d62c4aef9;Dark Tranquillity;Cornered (Bonus Track);Haven [20 Years Anniversary Edition];238497
6b7b8e67-58de-33a9-ad45-6601b09b5e4f;Dark Tranquillity;Emptier Still;Haven [20 Years Anniversary Edition];219297
d61c4574-dde4-3bd6-a0e5-a575ff3bd8a0;Dark Tranquillity;Misery In Me (Bonus Track);Haven [20 Years Anniversary Edition];278909
09605846-7c7d-3fea-88fc-9ed669688843;Dark Tranquillity;Not Built To Last;Haven [20 Years Anniversary Edition];217730
d90ce5a2-11c3-3eac-b48d-4d6c61196717;Dark Tranquillity;The Wonders At Your Feet;Haven [20 Years Anniversary Edition];181584
0f88087a-25f0-3606-b3ac-371bd86c544b;Dark Tranquillity;Emptier Still;Haven;219000
c85586e2-d77a-3dd7-8317-451335a9d4f3;Dark Tranquillity;Not Built to Last;Haven;217000
fea078d6-ebad-38ac-82cb-bfa4d71e3665;Dark Tranquillity;Not Built to Last;Haven;218000
bbe82e77-0917-397b-ba6c-a1f1ea34cdc8;Dark Tranquillity;The Same;Haven;190000
84e68d2d-744c-3346-855d-8c969c9fc65e;Dark Tranquillity;The Wonders at Your Feet;Haven;182000
cc2e6dba-fa80-35b8-ad68-da27c9535bc7;Dark Tranquillity;Day To End;Projector [20 Years Anniversary Edition];188525
eea5f34f-3617-318e-9ca7-e701a90bf380;Dark Tranquillity;Freecard;Projector [20 Years Anniversary Edition];271830
f899980d-498c-32a3-99d6-b80bb739f7ac;Dark Tranquillity;Auctioned;Projector;366000
0fce9efa-0bb8-3442-a9de-ab53c1c19ba3;Dark Tranquillity;Through Ebony Archways;Skydancer & Of Chaos Eternal Night [Reissue 1999];224337
a0cb1886-7a03-3b1d-9d2a-7f39aad9e6c4;Dark Tranquillity;...Of Melancholy Burning;The Gallery [Deluxe Edition];376342
0a762406-a841-37fc-8a92-6ce6dbbe9018;Dark Tranquillity;Lethe;The Gallery [Deluxe Edition];282929
2bf3ead4-47b7-32dd-b8c5-261d27182ab8;Dark Tranquillity;Punish My Heaven;The Gallery [Deluxe Edition];286978
f566c3dd-f205-35af-9356-7fcd2f1f52b5;Dark Tranquillity;Constant;The Mind's I [Deluxe Edition];182228
99875263-aba4-3809-b792-9eba40c57595;Dark Tranquillity;Hedon;The Mind's I [Deluxe Edition];337368
7944322a-0218-36bc-b2cf-fbe58408e535;Dark Tranquillity;Insanity's Crescendo;The Mind's I [Deluxe Edition];411999
a80f6319-26bc-3108-b8db-a8910356dbae;Dark Tranquillity;Tongues;The Mind's I [Deluxe Edition];293796
53f0071c-2be9-35a1-8449-dc2ad09a523f;Dark Tranquillity;Zodijackyl Light;The Mind's I [Deluxe Edition];239593
ad605ff1-2236-316b-a2a9-081cfe8ae769;Dark Tranquillity;Her Silent Language;We Are The Void [Tour Edition];212654
f4fa7a77-244f-36ed-8eee-10c42247ab98;Dark Tranquillity;In My Absence;We Are The Void [Tour Edition];285428
07bd930c-5f2c-38bc-a8ca-7bcbc385771f;Dark Tranquillity;The Grandest Acusation;We Are The Void [Tour Edition];295207
4a58c28a-04a0-3d0d-847e-0035dee10509;Dark Tranquillity;Her Silent Language;We Are the Void;213000
8268c04f-16bf-3f9b-911f-c48d8422ef47;Darkseed;Forever Darkness;Diving Into Darkness;322036
6caf9972-b835-385d-8faf-44191aa41c27;Darkseed;Dancing With The Lion;Give Me Light;192062
e670c233-18e5-3649-8d1a-65ea84c9870f;Darkseed;Fall Whatever Falls;Spellcraft;260000
b4395505-2edb-32c8-946a-5ef797e82531;Darkseed;Self Pity Sick;Spellcraft;244000
6e4ee278-0793-37ae-9140-77ad09836c38;Darren Korb;The Spine;Transistor Original Soundtrack;194220
3f94128a-2952-3c16-bce1-4f442a93dd7c;David Guetta;Titanium (feat. Sia);Nothing But the Beat Ultimate;245000
afc83f8c-a661-31e3-8647-c7074f30fb38;Deadlock;Code Of Honor;Wolves;267000
415a1e53-2dea-33eb-b2f1-40f39e3e5045;Delerium;Fallen (feat. Rani);Chimera;230000
17600726-32f5-39b3-8719-75723ddf4bca;Demons & Wizards;Fiddler On The Green;Demons & Wizards;356254
ebb0b922-4300-3aa6-8a2a-1562f33df392;Depeche Mode;Precious;Playing the Angel;234234
863c1546-d2f9-3929-893d-fbab43055759;Desireless;Qui peut savoir;François;230000
730beda2-ddfc-3371-a2a2-9cf8cbdb30ac;Dido;Don't Think Of Me;No Angel;271128
17951b72-aec4-383b-a6bc-9aa43cbc6a2f;Dimmu Borgir;Perfection or Vanity;Puritanical Euphoric Misanthropia;216000
f8646688-d630-34e0-bbea-dbe77ba9ec17;Disarmonia Mundi;Mindtricks;Mind Tricks (Extended Version);232000
d54028ab-efd1-39f5-b93e-289e98428478;Disturbed;Never Wrong;Immortalized (Deluxe Edition);213106
7bf89baa-9a33-358c-92c1-940a5376345c;Disturbed;Save Our Last Goodbye;Immortalized (Deluxe Edition);299650
cec4286f-0ece-3363-95fc-b43728e3bb58;Disturbed;Tyrant;Immortalized (Deluxe Edition);229067
a242deea-432c-30cf-b489-bbcac90fb4a6;Disturbed;Land Of Confusion;Ten Thousand Fists;291787
b5f8b607-3b4f-36de-9d96-46934196bb9b;Disturbed;Stricken;Ten Thousand Fists;246935
a399c838-58ea-3c33-9372-203d38d4a0ef;Dommin;Closure;Love Is Gone (Special Edition);255008
3613987e-79c7-36a8-8afa-3933ec06f6be;Dommin;Closure;Love Is Gone;258000
dd5e2986-4826-34db-b0c8-ead87b132d2d;Dream Theater;The Silent Man;Awake;227733
da58269a-5cf6-36f2-9912-8ce68d6352ad;Dream Theater;Hollow Years;Falling Into Infinity;353903
cff084c3-99a1-31f8-9606-f9800d4feba4;Dream Theater;You Not Me;Falling Into Infinity;298785
dfc579d3-ec6c-3b6b-8b4d-736834964b6d;Dynoro;In My Mind;In My Mind;184000
078659db-4d80-3940-b7fb-ee29af118b31;Eagle-Eye Cherry;Save Tonight;Desireless;240000
c5c67ff9-dec0-3d17-b2a6-5db6eec85384;Edenbridge;The Moment Is Now;The Great Momentum;259000
ede39b30-e4a3-3e2a-b103-f2df180fb7a7;Edwyn Collins;A Girl Like You;Gorgeous George;239333
cf7b6a8f-0891-3162-a399-86a0d49ef522;Edwyn Collins;Low Expectations;Gorgeous George;239177
6ef40a2e-6913-3482-b3c1-860b4b55c7ea;Edwyn Collins;Out Of This World;Gorgeous George;339876
a9b0e961-231f-37ea-9ec1-1b8fdfe8b446;Elvis Presley;A Little Less Conversation [JXL Radio Edit Remix] [*];Elvis: 30 #1 Hits;213261
e1ef3159-144d-3268-b17e-ee29c8a0fa0f;Engel;In Splendour;Absolute Design;222691
06a3de4a-5b5e-3f48-820d-9f45bac5b2ac;Engel;Next Closed Door;Absolute Design;194061
1663680f-7f36-34d3-95e6-4d88ad7ce4a2;Engel;The Paraclete;Absolute Design;205320
214935bc-5413-39e3-bace-c07658754ac5;Engel;Down To Nothing;Blood Of Saints;209056
1eed16f4-a173-36ca-8c44-7b6f7e812e53;Engel;Drama Queen;Blood Of Saints;196040
e576b084-d0f6-3d28-9694-59f44daf5ad8;Engel;Feel Afraid;Blood Of Saints;185198
c3a3a219-0a0d-3f03-844d-cc467009f7f5;Engel;Journeys End;Blood Of Saints;287170
bd873a1c-a97d-3548-9fdb-7aef0acef57f;Engel;One Good Thing;Blood Of Saints;198640
340f071c-faee-39a0-9c4e-a770986a63bb;Engel;Question Your Place;Blood Of Saints;213720
03f70c3c-749a-371e-a46e-9ab2012cee28;Engel;Fading Light;Raven Kings;219269
c83c8dd3-8ef0-3113-94e4-df336ea75064;Engel;Hollow Soul;Raven Kings;210492
aca3f7d7-e092-3dc9-9fdb-b0a1a2a854f8;Engel;My Dark Path;Raven Kings;225826
1df84dc3-1320-3090-a86a-10eb6756a956;Engel;Down;Threnody;229144
47372e3a-310b-360b-ab5a-2b11e1d0dc3d;Engel;Every Sin (Leaves A Mark);Threnody;212216
a1740f83-3249-3eb1-930d-0137bc1271be;Engel;Feed The Weak;Threnody;256285
941dff76-cfa4-3334-bdc9-8c8cf93dc77e;Engel;For Those Who Will Resist;Threnody;221359
759ac2b9-2227-38f2-abf7-dc916c72259c;Engel;Heartsick;Threnody;273995
f7547ec1-8853-3128-9490-e69c59ad1d07;Engel;Perfect Isis;Threnody;360434
74ed91d8-15a2-3dc5-bc0f-7bd43cb69080;Engel;Sense The Fire;Threnody;260307
748882f2-00a2-3598-8146-38ff9104e1c9;Engel;Six Feet Deep;Threnody;201559
98e33dba-88a4-30ef-99c0-22a7353ffb7c;Engel;To The End;Threnody;242153
86de397d-3c1f-3f90-bf80-41a56ed774b5;Enigma;Camera Obscura;The Screen Behind The Mirror;87875
a93a3b0f-eff7-343a-98d4-c662b9b685b6;Enigma;Gravity Of Love;The Screen Behind The Mirror;238000
332c5253-1cf2-3fe5-b10f-1ee23a175f86;Eternal Tears of Sorrow;Blood Of Hatred;A Virgin And A Whore;193000
0eb03e10-fee1-3c43-b165-e15e94b11270;Eternal Tears Of Sorrow;Red Dawn Rising;Before the Bleeding Sun;306442
6b7b36aa-f6ff-3663-9932-3f531aa65ec8;Eternal Tears Of Sorrow;Sinister Rain;Before the Bleeding Sun;340688
b2784dd6-7809-361d-a68c-a6a3b2feed35;Eternal Tears of Sorrow;Midnight Bird;Children Of The Dark Waters;286978
055bccb2-7b4a-3003-8ec4-f428d20221f5;Eternal Tears of Sorrow;Sea Of Whispers;Children Of The Dark Waters;254665
5d633c0d-cbd8-328d-8275-55dd8f89111d;Eternal Tears of Sorrow;Tears Of Autumn Rain;Children Of The Dark Waters;253333
3ec4527b-60d1-3593-a22c-616813b30bab;Europe;The Final Countdown;Play: Classic Rock;238730
1f13344e-8e99-3504-9883-2f188ece390a;Eurythmics;Sweet Dreams (Are Made of This) (Remastered);Sweet Dreams (Are Made Of This);216000
1a27783b-e32d-3f9e-9dfa-012e71f8f0d6;Evanescence;Imperfection;Synthesis;262000
79f167ac-26f2-336f-932f-75d97ea9e526;Fall Out Boy;Beat It (Studio Version) (feat. John Mayer);Beat It;226000
a00669d2-b238-369e-a857-29fa34094850;Fall Out Boy;Dance, Dance;From Under The Cork Tree;180000
2278ce7a-8b3a-321f-b273-6660bc1f8feb;Fall Out Boy;The Phoenix;Save Rock And Roll;245000
8801a69d-8e4a-3ce1-9551-a002551774eb;Felix Jaehn;Ain't Nobody (Loves Me Better) (feat. Jasmine Thompson);Ain't Nobody (Loves Me Better);186000
0a3a6e55-da2a-3e28-859a-ca2e5c83b10e;Five Finger Death Punch;Coming Down;American Capitalist;241240
3ea895f7-8a39-30d8-ae35-d82afba123e3;Five Finger Death Punch;Generation Dead;American Capitalist;223190
ba3bbecf-2d25-3cdc-b04a-1a2a38b96706;Five Finger Death Punch;Can't Heal You;The Way Of The Fist;183510
6ffd4b43-958f-3b8a-b061-4b5159a4d3ed;Five Finger Death Punch;Never Enough;The Way Of The Fist;208468
a292302b-4ac5-378d-9743-1dbf8c704f01;Five Finger Death Punch;Canto 34;War Is The Answer;249547
f23f5580-3c0d-302d-bd34-408a0d5d2214;Florence + the Machine;Queen of Peace;How Big, How Blue, How Beautiful;307356
3f4a8288-fd42-3265-a5b2-1f9edeefafb6;Florence + the Machine;Ship to Wreck;How Big, How Blue, How Beautiful;234527
01639449-8272-3f0e-928e-6f916da06ca4;For My Pain…;Sea of Emotions;Fallen;235000
35a9525a-4694-311c-9c83-f1bf9f9e3b7a;Fort Minor;Believe Me;Smash Hit;222014
addaa2c3-e1ac-3ca4-97be-14c51cdefc3d;Foster The People;Pumped Up Kicks (Butch Clancy Remix);Pumped Up Kicks (Butch Clancy Remix);362814
1f25f786-550b-3fe9-90b2-22e421baf197;Foster the People;Pumped Up Kicks;Torches;239000
746dcd5a-63b5-310f-9d30-5b30ed3ff04e;Franz Ferdinand;Take Me Out;Franz Ferdinand;237033
8ca868e5-3f8e-3f76-a1d3-34a0986f84a4;Franz Ferdinand;Love Illumination;Love Illumination [Single];224311
e64fd412-8683-3a71-9069-8439f0b11a5d;Funkbrainer;Memoire Selective (Original Mix);Dark Silence - EP;439000
5aa2e123-da0e-3734-9075-527044497006;Gabin;Mille Et Une Nuit Des Desires;Greatest Hits;344838
4cd5e5e7-1db3-350b-bf73-6020e35ad209;Garbage;Androgyny;Beautiful Garbage (remastered);189000
41bdd5f7-046f-31a1-b2e7-756644d1d0a5;Garbage;Why Do You Love Me;Bleed Like Me;232095
ddf786ef-d6d4-33aa-b8e1-038dec9aeed7;Gnarls Barkley;Crazy;St. Elsewhere;177000
afb76c18-5dfa-3869-b852-59d57bf4724e;Goran Bregovic;Tango;Le Temps Des Gitans;235622
19371c23-0c62-336e-8097-ee0201a3d631;Gorillaz;Feel Good Inc;Demon Days;222000
40720c82-5527-3e0e-b413-155f623637aa;Gorillaz;Feel Good Inc.;Demon Days;220298
04bda6e7-d8f5-3bca-b196-b52249e21f2f;Gorillaz;Clint Eastwood;Gorillaz;270288
a16a63d2-66cb-3bb8-8740-8313c17c4860;Gossip;Careless Whisper;;214256
58b5977c-09a4-3453-9f77-f89336a7dc94;Gossip;Heavy Cross;Music For Men;242000
059318dd-089c-312c-8c44-45b13f6fb56f;Gotye;Somebody That I Used To Know;Making Mirrors;244950
fd490b85-db48-387f-9359-ba78b3ebb525;Groove Armada;My Friend;Goodbye Country (Hello Nightclub);300000
338a5700-76f7-33e2-a24e-16e01508bbfb;Grégoire;Rue Des Etoiles;Toi + Moi;234364
18b4cd52-5f0a-301f-91f2-df92031bdd28;Guano Apes;Close to the Sun;Offline;222000
3b2b2c4e-f510-32e4-9a1f-db09141308e3;Guano Apes;Open Your Eyes;Proud Like A God;189204
6079ad7d-e9f5-3386-b2c7-50d0d054ecbe;Guano Apes;Pretty In Scarlet;Walking On A Thin Line;246595
68fe32f3-464e-36d3-b773-620a0b889628;Gvozdini;No Sorrow And Sadness (Original Mix);Deep Blue Eyes Best Sellers '14;483000
cc8e8a7e-604a-3f2f-a4d9-629bdf9903f8;Haggard;Hijo de la Luna;Tales of Ithiria;261000
214fdbb4-e1d3-395a-b825-e39784efca5d;Helloween;A Tale That Wasn't Right;Keeper of the Seven Keys, Pts. I & II (Deluxe Edition);283000
efc27b79-d91e-3a00-be5d-0f80a0f44ca0;Hiatus;Third;Third EP;286000
b132e99a-dceb-39e6-8a93-45099b2364b8;Hoobastank;The Reason;The Reason;232855
35cff73a-44aa-3ae1-a3be-dd1508735ef5;Hurts;Stay;Happiness;235000
893177ae-179f-3edb-9d89-c96a8d65b980;Hurts;Wonderful Life (Freemasons Remix Radio Edit);Wonderful Life;204932
6df79ee7-41e6-3d87-928c-beea053de248;Hypocrisy;Fearless;Virus;263000
33920dd8-312d-3869-8da1-75b37724e27f;Icon & The Black Roses;Set me on fire;iconandtheblackroses;221000
e4605a05-83ba-3682-9b3e-80bc4acf5044;Imagine Dragons;Radioactive;Night Visions;186000
4bc71031-e6f4-366c-8954-ceeffe6bda1b;In Extremo;Siehst du das Licht (Remastered 2015);40 wahre Lieder - The Best Of;262000
08a9f591-e965-3d28-922c-6a34fe69c70a;In Extremo;Küss mich;7;248000
75baef1a-b397-3160-9fc3-f6cfb010f2c2;In Extremo;Feuertaufe;Kunstraub;207000
f8d4fd9f-1c67-3ca7-ad41-960923d264f3;In Extremo;Feuertaufe (Live);Quid Pro Quo;266000
c7f63b59-41ac-3850-ac19-06076ad99959;In Extremo;Störtebeker;Quid Pro Quo;214000
4058cf74-0418-3cd9-91bc-790a983a4cc0;In Extremo;Siehst du das Licht;Sterneneisen;258000
f2299d71-7d10-3cb6-9487-932ddf6f83f6;In Extremo;Viva La Vida;Sterneneisen;215000
f51afe19-e0e9-3782-8759-6ed22a804011;In Extremo;Vollmond;Sünder Ohne Zügel;239000
8c0fac00-9a2a-31fb-b268-33049557689b;In Extremo;Spielmannsfluch;Verehrt Und Angespien;224548
e2e9b063-90a1-3790-9046-3f3b25e3f6f4;In Extremo;This Corrosion;Verehrt Und Angespien;240318
29ae0fe4-cf3a-37c4-a832-c1d969ad5d14;In Extremo;Werd Ich Am Galgen Hochgezogen;Verehrt Und Angespien;231915
84f713b2-2757-37f6-a74b-959a1e11ed18;In Extremo;Ai Vis Lo Lop;Weckt Die Toten!;243382
ef2eba11-2c98-3ae1-a6a5-04cac46a2fc9;In Extremo;Totus Floreo;Weckt Die Toten!;220682
035f43fe-5141-3ab8-bc98-61dfa19e8800;In Flames;Bullet Ride;Clayman (Limited Edition);282122
f7e4c66d-c996-32a7-8a23-f8be1f0830c3;In Flames;Only For The Weak;Clayman (Limited Edition);295235
b71c73f6-0557-387c-b995-70ad8021d5ea;In Flames;Suburban Me;Clayman (Limited Edition);215954
8c4c25c8-2703-3465-a513-5b0909eb361c;In Flames;Swim;Clayman (Limited Edition);194272
70626fca-04fe-32ab-9c5f-e3ee3beb1a19;In Flames;Bullet Ride;Clayman;281164
26bfbecb-d6bd-3663-a253-54afdf5af285;In Flames;Pallar Anders Visa;Colony;101275
0cf37205-528f-353e-880b-e31cbd62245f;In Flames;Hårgalåten;Lunar Strain (Reissue 2014);146000
41ecff3e-03f2-3134-b832-3738384225d2;In Flames;Free Fall;Reroute to Remain (Reissue 2014);238000
ce056028-d481-3ec8-9417-24b3252073ba;In Flames;Metaphor;Reroute to Remain (Reissue 2014);219000
f4e0fc38-bc82-38c8-b76b-d5c7542fd50b;In Flames;Rusted Nail;Siren Charms (Digibook Limited Edition);293561
cd578996-d5df-3202-9626-98f765f5d972;In Flames;When The World Explodes;Siren Charms (Digibook Limited Edition);277992
36ebf46e-656d-30c8-aaf1-40db558bb6e5;In Flames;With Eyes Wide Open;Siren Charms (Digibook Limited Edition);237398
dccb057d-cdf4-379a-9aca-ade321187505;In Flames;With Eyes Wide Open;Siren Charms;237000
27bf70b4-7af7-38ee-9ff2-96c9ddbde110;In Flames;Enter Tragedy;Sounds Of A Playground Fading (Limited Edition);238576
e7ff7d74-661b-32ed-bd79-d9a92d78f6f3;In Flames;Fear Is The Weakness;Sounds Of A Playground Fading (Limited Edition);245185
f26ea87b-f7a6-327b-bafa-4386b1ea230e;In Flames;The Attic;Sounds Of A Playground Fading (Limited Edition);196675
30c89c41-2d95-360c-af19-99ba6f96c6ef;In Flames;The Jester Race;The Jester Race (Reissue 2014);291000
d4b2e3be-80c7-3ad6-a2b6-283781b3c474;In Flames;The Jester's Dance;The Jester Race (Reissue 2014);129000
1ccd79b4-aca1-30ab-ad80-4850499a757a;In Flames;Dialogue with the Stars;Whoracle (Reissue 2014);180000
595c79ef-f419-3acb-b6ea-bccbcc30d0ac;In Flames;Dialogue With The Stars;Whoracle;180976
17e184a2-25b8-3ba9-b49a-42e574019e8b;In Flames;Episode 666;Whoracle;225854
3427134d-cfc4-3a99-b628-32ad00d70586;In Flames;Everything Counts;Whoracle;197694
9eae883a-9600-3c0f-ba16-f0255c14b5c0;In Flames;Jotun;Whoracle;234579
74f12a8b-ceda-3486-b01c-f7c001f14039;Ingrid Michaelson;You And I;Everybody/Girls & Boys (Special Edition) Disk 2;147748
f6f272fe-f082-3741-9d0e-83e5734753cc;Insomnium;Ephemeral;Ephemeral;231000
447853bb-2a9b-3cba-ab42-3bbdf5e28d81;Insomnium;Only One Who Waits;One For Sorrow;318000
76128b28-7e64-3f71-85b6-5650c488c574;Insomnium;The Day It All Came Down;Since The Day It All Came Down;296304
53b57b74-157f-35b6-8466-e3ec3d49b13e;Jimmy Eat World;Get Right;Integrity Blues;169000
c5ff0028-d405-38c5-9e0c-5de3ec5c8e60;Joan Osborne;What If God Was One Of Us;Relish;318604
766b861c-daa0-352e-977b-ac6d4f41e5ea;Joe Pass / J.J.Johnson;Blue Bossa;We'll Be Together Again;245310
6df6b996-7ffb-3ecd-be25-a7b80db5ec35;Joe Satriani;Day at the Beach (New Rays from an Ancient Sun);Flying in a Blue Dream;122798
e0283b24-5aa2-3f02-835a-8e2e7e0241b0;Joe Satriani;Cherry Blossoms;What Happens Next;269000
1a6689d7-562f-3470-a4fd-f1a2bdc9e3b8;Joe Satriani;Thunder High On The Mountain;What Happens Next;286000
e4daacb9-fb29-34db-95bc-d158a0700840;Joe Satriani;What Happens Next;What Happens Next;264000
056b8d13-716d-37be-8a8a-3ce40c980f47;John Coltrane;Richest Guy in the Graveyard;Complete Recordings with Dizzy Gillespie;175750
b96770e0-34b3-3873-ad31-738476bc9722;Jonny Lang;A Quitter Never Wins;Lie To Me;354848
557840b3-9ceb-331b-95e7-a881c558225a;Jonny Lang;Hit The Ground Running;Lie To Me;210600
1a0e886d-079b-3eb9-82f5-e636c4fb633d;Jonny Lang;Lie To Me;Lie To Me;251141
5c25aa0f-6139-3a48-9050-646cb7fe2e3f;Jonny Lang;Rack 'Em Up;Lie To Me;246740
621c670b-cffd-3e4f-97e7-88ba7c44878c;Jonny Lang;Second Guessing;Wander This World;308776
52d2c62b-80d5-386b-8fac-e22a9ca08a23;Jonny Lang;Still Rainin';Wander This World;288340
e5102fb4-a07f-3f1a-b928-fa7d460b1993;Judas Priest;Breaking The Law;British Steel (Remastered);153859
3df4ce19-71ef-3242-a657-6d23e0fbe37a;Judas Priest;Breaking The Law;Metal Works '73-'93;153859
03913460-8d47-3027-92e5-ccc6a2ce9d01;Judas Priest;Night Crawler;Metal Works '73-'93;346328
7a5ec51e-9ba2-3cb1-9f41-294fb5bb38fa;Judas Priest;Between The Hammer and The Anvil;Painkiller (Remastered);289044
5f930386-1461-3329-941a-7e0414b5d691;Judas Priest;Hell Patrol;Painkiller (Remastered);216607
0b321536-3fae-3716-a946-de29094bf73a;Judas Priest;Night Crawler;Painkiller (Remastered);344502
99543fcb-d7f4-322d-8281-f9d599f694b4;Judas Priest;Riding on the Wind;Screaming For Vengeance (Remastered);189751
656d2e8d-ef2f-3888-a12c-bf7a89631e1d;Juventa;Ocean Sparkles (Eric Shaw's Cinematic Intro Mix);Ocean Sparkles;358000
a3b1c69f-7055-36a4-8c76-9a720c4ebdda;Kaleo;No Good;A/B;234000
d6c7a586-5175-3ca4-b76b-0c1f536fc201;Kamelot;Liar Liar (Wasteland Monarchy);Haven;354000
15d9f3e7-9ed7-3bbf-9262-4305222e8b3a;Kari Rueslatten;My Lover;Mesmerized;243485
5018c162-67c3-37e7-8faf-85400e749112;Katra;Kuunpoika;Beast Within;267000
9f9ad51d-21f2-3421-84ed-75a7141f201f;Kings of Convenience;Love Is No Big Truth;Riot On An Empty Street;228000
f2d42eb1-e579-38cc-9a0d-86f7956e813c;Kora (CA);Fragile;Fragile;454000
89925190-e9f4-3e4e-9564-35b286a0eb87;Kylie Minogue;In Your Eyes;Fever (Bonus tracks);197000
98fbfd5d-2e17-39fd-8b82-c9d2e1f5eaab;Lacrimas Profundere;An Orchid For My Withering Garden;La Naissance D'un Reve;393432
8a79788f-7a92-355f-84d9-e74c180dc988;Lacrimas Profundere;Black Swans;Memorandum;264383
4d91c4d6-d0d1-382c-b297-6d2f004f3981;Lacrimas Profundere;The Crown Of Leaving;Memorandum;399800
692da8e7-3a31-3e3d-893e-b3aee9e2e638;Lacrimosa;Alleine Zu Zweit (Torris Vita);Alleine Zu Zweit;190561
59e7e487-0dde-362b-abdc-a56fbe190ef8;Lacrimosa;Alleine Zu Zweit;Elodia;257173
367889ec-69bc-3bc1-b5e6-79f586fba463;Lacrimosa;Am Ende Der Stille;Elodia;488407
39ac4aed-92b8-3b90-93e0-ba9746427b76;Lacrimosa;Halt Mich;Elodia;238561
fa972a36-9859-3cce-8ba3-dd79ffaf2192;Lacrimosa;Ichverlasse Heut Dein Herz;Elodia;511760
72714ab2-d7dc-3b32-bffd-065b79c2e85a;Lacrimosa;Sanctus;Elodia;849810
1cca8251-f82f-39fc-8e2c-41e198d082c6;Lacrimosa;Ich Bin Der Brennande Komet;Stolzes Herz;422187
8e411021-897d-3b46-8e5a-e47094424b72;Lacrimosa;Stolzes Herz (Piano Version);Stolzes Herz;251765
0c8adb36-f55a-3a32-9768-892315821145;Lacuna Coil;Nothing Stands in Our Way;Broken Crown Halo;247594
74f94bd7-e39b-32d9-904f-1ce12aab69c5;Lacuna Coil;Chapter V: All You Can Eat;Dark Passengers;179856
d9c4bdc4-177e-3a83-9658-7922eb2e09e4;LASCALA;Реванш (feat. Тимофей Копылов) [Studio Edit];Fiesta;235000
409737b1-0fa3-3a28-a82e-01ca662e103d;Les Wriggles;La phase;Ah bas ouais mais bon;185000
b9ed6742-48a5-36d8-bb28-3300718992ed;Linkin Park;In The End;Hybrid Theory (U.S. Version);216000
5eadfc02-5251-35af-82be-f99a53f12ede;Linkin Park;Breaking The Habit;Meteora;196075
cbbd3aef-890f-379c-b857-9765ae5ce836;Linkin Park;Numb;Meteora;187480
7d0d9389-1297-3b06-8ae9-3e9ee252c4d8;Linkin Park;Somewhere I Belong;Meteora;214575
0a20b438-1421-3ee9-b4f5-2dbf2f522fbc;Liv Kristine feat. Atrocity;Send Me An Angel.;Werk 80;230267
ddf2c8a1-502c-311a-9af9-9cc18b924f4d;Lord of the Lost;Haythor;Thornstar (Deluxe Edition);286000
253b5acb-5afc-3dd0-b924-3494a4ce6a1c;Louis Armstrong;Go down moses;no title;221020
03070ff3-435b-392e-8742-71fe128604e6;Louna;С тобой;Мы - Это Louna;263848
e55acd82-eced-3d39-bdd0-f0d58edc39f8;Love Spirals Downwards;Mirrors a Still Sky;Ardor;245679
f84aeb3c-3a78-3a6a-9332-b7da8ca4a72a;Lumen;Гореть;Правда?;319000
fe8a1fb9-c256-3860-8d48-2a1afa400ee8;Machine Head;Is There Anybody out There?;Is There Anybody out There?;272000
ba9fd72c-1a89-3d65-84dd-92d05aee7093;Madcon;Back On The Road;So Dark The Con Of Man;215301
a73e0c76-d584-31cb-940b-0f47d6f1d960;Mandragora Scream;Dark Lantern;Madhouse;257000
8e3a85bc-f7ea-3d68-8ac3-40d150d72678;Manowar;Today Is A Good Day To Die - My Spirit Lives On...;Louder Than Hell;711862
60380d56-a240-34b3-8439-57f636a65e57;Markscheider Kunst;Kvasa-Kvasa;На Связи;190000
4f60eec6-790b-311b-910b-7f81959ef983;Markscheider Kunst;Счастье@Ru;На Связи;234000
05cb0d84-7a54-33cb-b2f9-2e62f012d1fe;Markscheider Kunst;Чао-Чао;На Связи;171000
77775cd2-448f-3c2f-b253-a0a756bccc38;Maroon 5;This Love;Songs About Jane;206000
daebb0f1-9e2c-32e2-af00-e7345a30965a;Mattafix;Big City Life;Signs Of A Struggle;240846
eac4b4c3-e5da-3568-b065-0892c762c692;Maxim ft. Skin;Carmen Queasy;Hell's Kitchen;241618
2e6c0708-65e1-39b1-9d50-055823be67ba;Mecano;Hijo de la Luna;Esencial Mecano;259000
d7c8bf8c-a926-3d96-a9ef-d3c544c51e75;Megadeth;The Scorpion;The System Has Failed;359000
851152c5-d15d-3b91-a516-93d4dbaa4e4f;Metallica;Loverman;Garage, Inc.;472842
756b0369-5393-3cd3-8b00-305b0082256a;Metallica;Master Of Puppets;Master Of Puppets;515265
bc80a1a3-1435-36e8-8076-73205a244642;Metallica;Fuel;Reload;268502
a997725c-b82a-3f9f-b670-eb236d3a212c;Metallica;The Memory Remains;Reload;279170
456fd574-25f1-31ce-99f4-6d8fd12dec75;Metallica;The Unforgiven II;Reload;396434
97301caf-28bd-30a6-9090-7572a206d678;Metallica;The Call Of Ktulu;Ride The Lightning;535222
6834c3c6-1536-3ae8-a1d4-95fdfe1ee093;Michael Jackson;Beat It;King Of Pop: Limited Edition Australian 50th Anniversary Edition [Disc 1];259064
32d24e2c-06c0-3f74-bd7c-e71150f5fb7c;Michael Jackson;Give In To Me;King Of Pop: Limited Edition Australian 50th Anniversary Edition [Disc 2];329108
19cb75b9-ba80-3d44-9446-b14f4987e13d;Michael Yasyrev;The Story of One Man (Original Mix);Minimal, Just Minimal;408000
b154cffd-cc0c-393a-9a34-15e7d14f42a0;Mind Vortex;Alive (Radio Edit);Alive;179738
ba6087f1-0b76-3f70-8f35-2ae3497c8f07;Moby;At Least We Tried;18;248000
b71ee900-3205-33c1-ad75-63ce8d7fbdc1;Moby;Lift Me Up;Hotel;199338
73c24190-ba3a-3c29-a0d6-6a68c8ff7046;Moonspell;Funeral Bloom;Extinct;250000
e183e6d4-45b8-3bdc-a8b8-aff50c07aefe;Moonspell;Dekadance;Sin / Pecado;349000
849903db-81c3-3b23-b2f4-5f2715415158;Morcheeba;Fragments Of Freedom;Fragments Of Freedom;306413
ec44f233-a85f-3535-8502-ac3ce00881c0;Morcheeba;World Looking In;Fragments Of Freedom;246646
178adb65-4b82-3bbb-9cd1-c9c712dc048f;Morcheeba;Rome Wasn't Built In A Day;Rome Wasn't Built In A Day (Single);214750
09e9a640-a56b-3fa8-9855-72635d8a6121;Mors Principium Est;Cleansing rain;Liberation = termination;260000
641980fd-63fc-30bb-91df-4992ad1660ef;Mortal Love;All The Beauty;Best Of The Trilogy ... All The Beauty I Have Lost Forever Will Be Gone;373000
860a6d02-05ff-3f74-8a4f-8d449bce8dee;Mr. President;Coco Jambo;;342021
e7115ef6-c94b-3626-b5ea-194ed0f85259;Muse;Dead Inside;Drones;262000
9e57bcc7-14a6-38bd-b2ba-be87ab3bdf5c;Muse;Uprising;The Resistance;304000
c934de79-1fef-3925-8ab4-07109d179456;My Darkest Days;Move Your Body;My Darkest Days;193000
d6960d7e-86d3-3960-98c6-87a8b4532a4b;MyGRAIN;Alienation;Signs of Existence;319000
400bb537-d96d-3af0-94d2-80baf7b7cdd0;Naio Ssaion;The Mirror;Out Loud;224703
ccbc4ce0-eb01-3f58-a997-098c2fe97f2d;Natalie Imbruglia;Torn;Autumn Dreams;244871
91412bb9-2081-3933-8acd-af60a35744c9;Negative;Lost Soul;War Of Love;245492
562a0d89-6881-34d3-b12b-b1b25b885272;Nickelback;Feed The Machine;Feed the Machine;302000
ec0ed01a-22fa-3b20-be72-2eaf16d91a3e;Nightwish;Last of the Wilds;Dark Passion Play;340688
0e344663-c6d7-341e-abbc-1dbdcbc12351;Nightwish;She Is My Sin;Wishmaster;286249
2bbe9104-e327-3fdb-89ba-304bbab19db5;Noize MC;Выдыхай;The Greatest Hits Vol.1;188396
9b3b4bab-cb34-3b5d-8327-a359ab09025d;Noize MC;На Марсе классно;Последний Альбом;254000
d1266398-85ac-38c7-a7e2-658545f3b910;Noize MC;С нами (Орфей и Эвридика);Хипхопера: Орфей & Эвридика;197000
ffc518ba-28c7-3f98-ad4c-8da180956e4b;Noumena;Play Dead;Death Walks with Me;212000
73f67b44-6e7f-36f7-afeb-2e95907d33e5;Ocean Jet;Breaking the Stones;The Word Never Dropped;206000
59eb88e7-a4b4-3910-9e85-6784567b3640;Ocean Jet;Unfettered;Vengeance;191000
32a24ae3-ac2f-3909-9cf7-6c04843e652b;Omnium Gatherum;The Sonic Sign;Beyond;275000
122b13a0-d29c-3117-a3f0-3c774ae74cb1;Omnium Gatherum;Deep Cold;New World Shadows;569000
9a31b83d-5851-32d6-a796-4a9c28e97582;Omnium Gatherum;Watcher Of The Skies;New World Shadows;257000
e510da1d-b907-33da-a287-efeed244fac6;One Republic;All The Right Moves;Waking Up;236964
c3f18ac7-6017-321a-b4e2-78e264d3bfba;Orishas;Represent, Cuba;Dirty Dancing 2;223710
1901f34d-fab0-3a12-86e3-53c2efe5464c;Ott;The Queen of All Everything;Skylon;472000
cb9328d0-a802-3fed-b1af-bcb994a62965;P!nk;Ave Mary A;Funhouse Tour: Live in Australia;203476
22b4fdd7-574c-3aa2-81c9-b106ec28da1f;P!nk;Try;The Truth About Love (Deluxe Edition);247926
06d3d082-f34a-36ea-acb6-dd05e83883c4;P.O.D.;Youth Of The Nation;Satellite;256000
41c52ca6-67c1-3c42-9609-417f1d30cb40;Paco De Lucia, Al Di Meola & John McLaughlin;Mahna De Carnaval;The Guitar Trio;374648
96c1d6a1-583f-30aa-b7ab-70fc7249a01f;Paco De Lucia;Rio Ancho;Entre Dos Aguas;269975
1c292c80-3b14-3d24-a259-ea808ebd3eb7;Pain;Shut Your Mouth;Nothing Remains The Same;193440
4a208c95-2cdc-38c9-b23b-a5b91ae52975;Paradise Lost;One Second;One Second;212000
23753af4-3a8c-30c6-85e5-75b4cfef543c;Paradise Lost;The Sufferer;One Second;269000
7f233434-8286-3b91-bef9-407394fc4e98;Peel;Crack;Peel;312000
b9d18b1a-85a2-33d8-989a-cd85cb00acfc;Peel;Deep;Peel;292000
12d6eb65-9f25-3de2-b18f-36cdc45bcc31;Peel;Loaded;Peel;247000
3cfc1c54-9ce3-3a95-bd88-6e2b06626f18;Peel;Natalie Somewhere;Peel;232000
3cbff57b-c381-31d3-adb5-ae0a27ef269d;Pharrell Williams;Happy (From ""Despicable Me 2"");G I R L;232722
0cde3b97-802d-36d2-8edf-083376ca6aca;Placebo;Days Before You Came;Black Market Music;152360
355d2c1f-5609-379f-900e-6e230595d8b7;Placebo;Special K;Black Market Music;230984
a42b3f4b-ae03-3b0a-8bc9-e8c7887841b0;Placebo;Meds;Meds;176878
514bddaf-4d4c-3a11-8c84-afe61bd8f8b8;Placebo;Song To Say Goodbye;Meds;216187
1646ccb2-f98e-36b5-9bd0-6c201ada319d;Placebo;I Know;Placebo;284081
0049ccb6-e94c-3dc4-a724-d3ab8e545158;Placebo;The Bitter End;Sleeping With Ghosts;190066
0e6b8b6e-d5c4-33bc-90fa-0aeb672d2e82;Placebo;Every You Every Me;Without You I'm Nothing;213000
d463548c-e322-3228-83ea-91b36926e607;Placebo;My Sweet Prince;Without You I'm Nothing;345283
6650aec2-8309-3a65-a15e-d4d7e6960c2d;Plain White T's;Hate (I Really Don't Like You);Every Second Counts;223886
13329740-9f6e-3680-9638-4c52509d47f0;Planet Funk;Chase the Sun;Años 2000 Vol. 6;222000
63663379-00ca-3857-afe3-5ece4fb86d64;Poets of the Fall;Carnival of Rust;Carnival of Rust;262000
406f3e23-f351-35f5-925b-41330feec703;Poets Of The Fall;Choice Millionaire;Jealous Gods;289852
71b02341-4aab-3ec0-8bab-03c7d7cf070b;Poets of the Fall;Lift;Signs of Life;313000
d7499f05-9643-35bb-b7e6-2e859cc04017;Poets of the Fall;Sleep;Signs of Life;298000
485683fc-87d9-3aae-a70e-a32494bba936;Poisonblack;Raivotar;Lust Stained Despair;295000
6c3304bc-fd62-3450-a502-9a0a6b99e34c;Portugal. The Man;Feel It Still;Woodstock;163000
1cdde915-8dab-346c-8ad5-44b5f993d39e;Pythia;The King's Ruin;Shadows of a Broken Past;299000
b8d99d64-18e2-36d3-91bc-12435536eafc;R.E.M.;Losing My Religion;Out Of Time (25th Anniversary Edition);268000
f61b9f92-38b5-3f90-8696-bcfca64aaa58;Raintime;Beat It;Flies & Lies;223000
59361d14-852b-3128-a1e3-c3542d8bebe1;Rammstein;Mutter;Mutter;271362
0160d283-caf2-3832-a2e9-e20e3d25ea18;Rammstein;Sonne;Mutter;271726
e4f2e45d-797f-36c7-bc7c-39d527dcfa27;Rammstein;Spieluhr;Mutter;284882
988d02d1-8707-367d-a1f1-4ab392291047;Rammstein;Amerika;Reise, Reise;226174
a613c25f-1ef1-3c31-97fc-6c7b78a80cc4;Raunchy;Eyes of a Storm;Vices.Virtues.Visions.;316000
db8b2671-b9f2-32d1-a5a8-fe459ca41285;Red Hot Chili Peppers;Californication;Californication;320112
fc36e14d-b46c-3467-b28c-d97ef97ae779;Red Hot Chili Peppers;Road Trippin';Californication;204620
9dd32a4e-30ca-305a-a749-c5bd0fd9d539;Red Hot Chili Peppers;C'mon Girl;Stadium Arcadium Disc 1;227812
1ba9e392-31aa-3c47-b581-e60fd23babed;Red Hot Chili Peppers;Snow (Hey Oh);Stadium Arcadium;334000
2ea5d481-ed69-342a-a51f-e290aea665a8;Rise To Fall;Parasites;End vs. Beginning;198000
35fffc2b-f5c5-3c24-9d4f-6755a810bcbb;Roxette;Wish I Could Fly;The 30 Biggest Hits XXX;279000
5db998e3-0502-3993-8316-1470b26312e8;Royal Deluxe;I'm a Wanted Man;Born for This;228000
630cc631-4d83-3de4-b08b-3852ea2d5f27;Saltatio Mortis;Ode an die Feindschaft;Sturm aufs Paradies (Bonus Edition);203000
16f7ebc2-9d94-3363-aee7-8dc6df21ea82;Samael;Inch'Allah;Reign Of Light;210000
fc199f2e-6cd2-3588-8170-8dd7244f86d0;Sarah Connor;Under My Skin;;194115
e24aa5fd-f502-33b8-9cc5-d0248a38b632;Schwarzer Engel;Himmelwärts;Imperium II - Titania;231000
edfae896-8f71-3b28-ac61-f750a67c52c7;Scorpions;The Zoo;Animal Magnetism;329056
0ccaae90-ca1c-3114-aa77-ebe371e071a8;Scorpions;Still Loving You - Je T'aime Encore;Comeblack;401492
534c62b1-0f83-3814-a9b1-423cb0896cb3;Scorpions;Send Me An Angel;Crazy World;271986
5f3c7c09-71a2-348f-8a80-7fbfa06926cb;Scorpions;Lonely Nights;Face The Heat;289770
2fd76fb9-4c35-33d6-89a1-1c1807f1dd58;Scorpions;Humanity;Humanity  Hour I;326658
fed753cf-614f-3802-a8c7-80a05fb99eb7;Scorpions;Love Will Keep Us Alive (Radio Edit);Humanity  Hour I;272141
5b203654-8a3f-3130-a66f-5dd0111e6add;Scorpions;The Future Never Dies;Humanity  Hour I;243798
90300306-e382-3cc4-af5d-ed918d091271;Scorpions;The Game Of Life;Humanity  Hour I;244268
42df4897-105f-3338-884c-0f020c0dac9b;Scorpions;Your Last Song;Humanity  Hour I;224337
3dede822-39c0-36da-bab6-00807de90833;Scorpions;Rhythm of Love;Savage Amusement (50th Anniversary Deluxe Edition);230000
0d7406a7-534a-310f-b445-ba4c79fed2bb;Scorpions;The Good Die Young;Sting In The Tail [Premium Edition];314433
ef3b6a4f-c988-3423-a879-4fe9bb5aa634;Sentenced;May Today Become the Day;The Funeral Album;240000
627979d4-9fe5-3ae1-b157-47a380a1f6f4;Septic Flesh;Heaven Below;Ophidian Wheel;341626
406ab043-b4bf-31e2-b018-570c033c4275;Septic Flesh;Shamanic Rite;Ophidian Wheel;316313
a5a6ef58-2215-3625-bbda-087b1ea539ad;Serenity;Iniquity;Codex Atlanticus;333000
395bd490-e516-345b-aefb-bdb516abcd2b;Serj Tankian;Sky Is Over;Elect the Dead;177000
9b18fb55-376e-3d52-a581-aaa3973e6e8f;Shakira Feat. Rihanna;Can't Remember To Forget You;Can't Remember To Forget You;206496
d6a2e32c-bd43-38ce-9db4-37d53527bf54;Shakira;Moscas En La Casa;Shakira;211330
84152791-38c4-3620-8636-8cb710ba414c;Shinedown;DEVIL;ATTENTION ATTENTION;208000
0512278f-0d8b-33b1-b860-6dc6321cac40;Sia;Chandelier;1000 Forms Of Fear;216000
0094ac18-de24-3592-95bf-d06e67b4875c;Sia;Move Your Body;This Is Acting (Deluxe Edition);247246
c40a6fad-0eab-3c91-8c11-acbaede2b981;Sirenia;A Shadow Of Your Own Self;At Sixes and Sevens;358083
b438628d-7190-369d-a517-2d2a26f23e17;Sirenia;Sister Nightfall;At Sixes and Sevens;338073
df9b52b0-588d-3272-b242-694e2e5ea63d;Sirenia;My Minds Eye;Nine Destinies And A Downfall;218251
32a99c5a-ecbb-3dd4-b28e-4788185cdf71;Sirenia;One By One;Nine Destinies And A Downfall;330527
60fb3c67-a4ab-396c-a28a-66d879bced11;Sirenia;The Path To Decay;The 13th Floor;257878
2171f5d8-f3db-3aee-af85-e1ad153c5944;Sirenia;The Path To Decay;The Path To Decay;257878
24e356b1-5767-301f-8e89-fb4e7b255b80;Skillet;Awake and Alive;Awake (Deluxe);209000
df40243e-c103-34a8-bf1f-bfb5bb4796c8;Skunk Anansie;Weak;Paranoid & Sunburnt;210704
0bcfd764-49c7-3574-b674-118adc536dc7;Skunk Anansie;Cheap Honesty;Post Orgasmic Chill;226044
4403418f-7141-3fcf-8e32-b9e02d1f940e;Skunk Anansie;Brazen [Weep];Stoosh;270504
b8f2c858-c709-30ac-af01-3f41d9e9ba13;Skunk Anansie;Infidelity [Only You];Stoosh;359833
1696291e-fe4d-3a1a-8f75-95459d62e2b4;Skunk Anansie;God Loves Only You;Wonderlustre;228000
dcaf3988-7699-364d-b9e8-e9ba77766251;Skunk Anansie;I Will Stay But You Should Leave;Wonderlustre;236000
e808933a-293e-30fb-a376-7b98636ff2af;Skunk Anansie;It Doesn't Matter;Wonderlustre;166000
1107d550-1e88-384e-8d59-4e388c4da50e;Skunk Anansie;Over The Love;Wonderlustre;207000
77160635-6678-3c17-8262-60090feb4cf9;Skunk Anansie;Talk Too Much;Wonderlustre;200000
9b6e8521-2e77-3557-97b6-7541dcb6dc2a;Skunk Anansie;You're Too Expensive For Me;Wonderlustre;149000
6ee5218e-8de7-3b5b-aba2-44999408d1f7;Slaughter of the Bluegrass;Punish My Heaven;The Final Resistance: a Tribute to Dark Tranquillity;290000
aed5872d-fb5e-329e-89ef-4d4defe6ee04;Smash Mouth;All Star;Astro Lounge;200385
e5b59af9-a8a8-3366-a6df-5e66c39d96c8;South Park;Uncle Fucka;Bigger, Longer, & Uncut;66011
cbbe3a05-c50c-3ea5-a2b6-e6062a83e80a;Stakka Bo;Here We Go;Supermarket;237400
78d2d424-23e2-3a4c-9561-b099357627e9;Stan Getz & Laurindo Almeida;Menina Moca (Young Lady);Stan Getz With Guest Artist Laurindo Almeida;341198
70ea2b64-3107-3b07-a35a-c0bab99ea6bb;Starsailor;Four To The Floor (Radio Edit);Four To The Floor;252174
616580bf-1412-31e6-a0d4-5447ebb154bb;Starsailor;Four To The Floor;Good Souls: The Greatest Hits;231000
e561ab6a-1764-3d47-9e83-b1456ade8bce;Stereophonics;Dakota;Decade In The Sun - Best Of Stereophonics;296088
207d3263-a2ea-3f43-a0c8-828fa02d1de2;Stereophonics;Maybe Tomorrow;Maybe Tomorrow (Single);273107
0768f03b-fdba-3c00-aace-7cb90d3049e9;Stereophonics;Maybe Tomorrow;You Gotta Go There To Come Back;272000
28af9d79-436f-3564-a461-9616c918d655;Steve Vai;Tender Surrender;Alien Love Secrets;301398
54777a9d-3049-335b-a0ea-1f18dfcdb30d;Steve Vai;Dyin' Day;Fire Garden;269085
09a4f75d-bd22-31b7-b0c0-8c47ec91d164;Steve Vai;The Crying Machine;Fire Garden;290844
38720f3e-0e40-39ca-83bd-a16774719782;Steve Vai;Blue Powder;Passion and Warfare;284679
695c323a-b1cf-3a3d-b8d6-697e0e7b1260;Steve Vai;For The Love Of God;Passion and Warfare;363333
5bb58895-b6c6-3ed1-a591-81d845673e6b;Steve Vai;Sisters;Passion and Warfare;248004
d238ec52-20d0-34a3-9906-2968c2fce0ca;Sting;Desert Rose;Brand New Day;285000
46d291be-f3ea-3dc1-be48-5a7b1e6c691b;Sting;Englishman In New York;Nothing Like The Sun;266000
83527e1a-3a47-3170-b47f-6ec39fb42b09;Sting;Fragile;Nothing Like The Sun;235000
0f917603-1862-3605-9785-0aa13c0df5e8;Sting;Fields Of Gold;Ten Summoner's Tales;222000
2e42d183-a68b-3a05-a5e0-f64822f4076e;Sting;It's Probably Me;Ten Summoner's Tales;308000
28adca74-336a-3222-a51f-d4d0e231fe94;Sting;Shape Of My Heart;Ten Summoner's Tales;279000
9fa941de-be66-3098-8786-8f88ab06ec21;Sting;Mad About You;The Soul Cages;233000
455b7186-dd9e-3a0c-aed4-27745f85ebf0;Stravaganzza;Hijo de la Luna;Hijo del Miedo;292000
7ed9867d-e0ef-35aa-b4d9-a9f071b8bfd7;Subway To Sally;Queen Of Argyll;Album 1994;320754
cbe815a5-232b-3fef-8ba7-b10c13a701df;Subway To Sally;Rainman;Album 1994;310985
e681897c-dca7-3614-bf06-7ad7979f305a;Subway to Sally;Die Jagd beginnt;Kreuzfeuer;183000
97b1575b-e35a-3859-af1f-cd5da7074cd0;Subway To Sally;Arche;MCMXCV;169639
f18b7e2a-c217-3623-8901-e31828f41cae;Survivor;Eye of the Tiger;Eye Of The Tiger;243000
423ee39e-1494-377f-8e21-4fb64a8658ee;Tab Benoit;Nothing Takes The Place Of You;Medicine;241000
9a719c23-2365-30f0-a552-c40eaa58adb6;Tarja Turunen;Until My Last Breath;What Lies Beneath;264000
37b8fcd6-911a-37db-b2aa-8272d2ebd7fd;Texas;Summer Son;The Greatest Hits;242677
465f5af7-0c90-31dc-bcaf-240755bbe676;Texas;Summer Son;The Hush;244000
3f18c701-771a-3d4a-8d58-d71223122067;The 69 Eyes;Ghost;Angels;257459
16fa1a07-1b43-3324-87a0-da25eb1cea7f;The 69 Eyes;Some Kind Of Magick;Back In Blood;219115
35428fc3-4eb5-3903-be7e-4f786b73fa72;The 69 Eyes;Brandon Lee;Blessed Be;208927
e8b32662-d67e-3d14-a75b-a47614c96c91;The 69 Eyes;The Chair;Blessed Be;249260
38c01991-0209-3742-9e03-4aae8508bb6a;The 69 Eyes;Christina Death;Devils;242126
68fcd21a-3779-3ed5-bcd4-26afc450e0f7;The 69 Eyes;Lost Boys;Devils;203204
78bbe904-216e-31b9-b778-f65968d1791b;The 69 Eyes;Brandon Lee;Framed In Blood: The Very Blessed Of The 69 Eyes;210991
b2cf5143-1277-3ea5-8aeb-3363c239b417;The 69 Eyes;Dance D'Amour;Framed In Blood: The Very Blessed Of The 69 Eyes;233142
f234f2c0-86ce-3b2e-b460-387e8dc71d2b;The 69 Eyes;Betty Blue;Paris Kills;217258
2f1014a3-debe-31f4-9c34-8ebbe5f7e2f7;The 69 Eyes;Red;X;227134
2490b117-ef65-3e09-a4e2-d54147e03b8e;The 69 Eyes;Tonight;X;224052
b64dae50-74d3-37e4-bcff-e395564d8620;The Agonist;Gates of Horn and Ivory;Eye of Providence;205000
fc2a9cfc-903a-3074-976d-85caf180b6e3;The Bangles;Hazy Shade of Winter;Stranger Things (Soundtrack from the Netflix Original Series);165000
f89e43d1-861f-3779-952c-b450ed927de4;The Cardigans;My Favourite Game;Gran Turismo;217000
78f1c573-c40c-30c2-b75f-1f91934e1d31;The Cranberries;Zombie;No Need To Argue;306442
465a5e3f-99c0-30db-97d9-ed6880680bbe;The Cranberries;Promises (Radio Edit);Promises Promo CD-S;209144
d233ca54-8d3a-38fa-8f4a-f654dae557ce;The Dreadnoughts;Leonard Cohen;Legends Never Die;255000
2cbe39d7-f164-3fef-96ab-9149540c62e3;The Flashbulb;Room 13;Nothing Is Real;147198
c175e028-9107-3675-97de-9d301e229892;The Flashbulb;Solar Motel;Nothing Is Real;250485
592d96d7-99e2-37c8-85f9-4b2c4a331b03;The Flashbulb;Autumn Leaves And A Bath Tub;Opus at the End of Everything;109373
b8025552-edea-3266-ae7a-a8dea76b27d5;The Hardkiss;Rain;Perfection Is a Lie;207000
e4bfe662-8cd0-34ce-b661-f3e4d1ae19ee;The Hardkiss;Stones;Stones and Honey;227000
759e2b5b-2564-34ea-818f-5c8d8085192a;The Killers;Smile Like You Mean It;Hot Fuss (Deluxe Version);235021
9b9443cf-544f-33d4-9ee0-c242cf144868;The Killers;Smile Like You Mean It;Hot Fuss;235000
539518e5-959a-349d-ae9a-8cc13e06604e;The Killers;Somebody Told Me;Hot Fuss;196300
cb6713b0-fc29-3d0e-bc5c-5ae73b6cfce3;The Killers;Somebody Told Me;Hot Fuss;197000
aa272c96-5691-3123-b292-2c620b47cfef;The Kovenant;Mannequin;Animatronic;300000
7d75c865-82af-36c0-89c0-123d7063dd68;The Offspring;Dirty Magic;Days Go By;240000
9bda07b4-b265-3d40-805b-2203bdf6f8c3;The Offspring;Dirty Magic;Ignition [Remastered];228000
cb95b3c1-fa84-3487-b915-1a4ac98c1c86;The Poodles;Night of Passion;Metal Will Stand Tall;180000
edd7922b-f94d-33b0-9782-b9f5c009c35c;The Rasmus;First Day Of My Life;Dead Letters;223262
53dee89c-ed15-3efc-96b2-773541f3e9de;The Rasmus;In The Shadows;Dead Letters;245856
98e51c21-b346-34d7-92d6-feb8eff9dbeb;The Rasmus;In the Shadows;Dead Letters;257000
c4b80901-43e5-3c46-bf4c-695655307eca;The Rasmus;No Fear;Hide From The Sun;241696
b0a5cc79-d3ec-3f92-a95d-7bbd7fd6bf7c;The Servant;Liquefy;The Servant;221438
fc148980-2e27-3253-a14a-1d11403405f6;The Stranded;Blood Like Gasoline;Survivalism Boulevard;219000
a55e457a-ec90-3802-8123-3a81c8e9668d;The White Stripes;Seven Nation Army;Elephant;231000
9935fbe3-f14f-36b8-82af-f6a9ac435048;Theatre Of Tragedy;Angelique;Aegis;346119
34c03027-9112-314d-a15d-a02366a52454;Theatre Of Tragedy;Aoede;Aegis;370883
b88d2b7f-d9f1-3fc5-9b09-1c79c61c749a;Theatre Of Tragedy;Cassandra;Aegis;408629
aec0f30e-a7f6-3c5b-bce7-e0f91833634a;Theatres des Vampires;Moonlight Waltz;Moonlight Waltz;268000
8bcaac75-621a-3e7a-b13b-49810e2d923c;Theatres des Vampires;Sangue;Moonlight Waltz;238000
5098b651-fce5-352e-ad3a-30ac1003fbf8;Therion;Up to Netzach / Floating Back;A'arab Zaraq Lucid Dreaming;246000
c4633325-08e3-3eea-8924-565f846dc7f7;Therion;Lemuria;Lemuria;254358
5213a09e-b244-3f42-9b0e-f6bf1111077a;Therion;Summernight City (Bonus Track);Secret Of The Runes;292630
ced2f70d-d83b-358a-a2a7-431c3dda4731;Therion;Dark Venus Persephone;Sirius B;241176
a7d8dcde-d520-3236-b36f-787fa4af5784;Therion;Son Of The Sun;Sirius B;334126
9044b22a-5230-3d9f-a1bb-5a65476ce22c;Three Days Grace;Misery Loves My Company;Transit Of Venus;161590
dc567334-bbb5-373e-920e-b5874d37ea02;Throwing Muses;Mercury;Throwing Muses;253000
d111844d-9e26-394a-b8f9-bacdad39b82f;Tiamat;Best Friend Money Can Buy;Skeleton Skeletron;275000
8a4caea4-371f-31c6-8e40-9cf9d198355f;Tiamat;Brighter Than the Sun;Skeleton Skeletron;248000
b21b270d-0297-32b7-b72b-7e781daea92a;Tiamat;Church of Tiamat;Skeleton Skeletron;292000
a8bd324e-9b63-34ec-bd61-6b2728a6982a;Tom Waits;Ice Cream Man;Closing Time;185676
4a80776f-6b12-3283-bc78-102436aedbea;Tomas Dvorak;Clockwise Operetta;Machinarium;232596
24d1fb17-791e-382a-97c7-ffbd5bfc5b0e;Travis;Sing;The Invisible Band;228804
c5f23b16-0372-3980-885f-158465986891;Travis;Sing;The Invisible Band;228000
6798de2f-55b0-303b-9a3c-9ebd04f66151;Triangle Sun;Harvest;Born In The Silence;246619
419e81ee-4885-32fe-90ba-c74068cd5bac;Triangle Sun;She Doesn't Care;Born In The Silence;324150
8e45b66e-dd44-37df-b63e-75085e142f14;Triangle Sun;The Answer;Born In The Silence;215717
34ce4b94-312f-3fc6-b7c8-c2b126d6b5ce;Triangle Sun;Unpredictable Love;Born In The Silence;312761
4bf5bc84-61c6-3a70-8347-4b17df685215;Triangle Sun;Upside Down;Born In The Silence;201036
9da6d386-5763-3d51-801e-2ea94de55acf;Triangle Sun;Beautiful;Diamond;283008
54c4dc43-4eec-3a54-8d1b-362a6be81fdf;Tristania;Shadowman;Ashes;391627
76390916-a215-3e60-8d6a-cce3341abd2d;Tristania;Cathedral;Darkest White;211644
d387fe46-86d0-3b89-8a4d-3d5ceaa9752a;Tristania;Number;Darkest White;285178
38584c2f-f527-348b-ba52-00fb5e0d81d2;Tristania;Caprice;Rubicon (Bonus Edition);218000
bf5beacd-c1b4-30a1-bf78-10b3ce3af3ef;Tristania;Amnesia;Rubicon;294000
2e1d66b4-c020-34bb-96e7-75f797d99dbb;Tristania;Exile;Rubicon;266000
04e6235a-bcdd-3dc6-9daa-5cc3dae5b3d1;Tristania;Patriot Games;Rubicon;207000
73c46ded-62a0-3ca7-8ce8-77a2870e8091;Tristania;Year of the Rat;Rubicon;275000
e484905a-cdd6-3bee-afd9-41cdd2563518;Tristania;Angellore;Widow's Weeds;436659
43f0bc66-5910-30e5-9afa-43ad190667bb;Tristania;Pale Enchantress;Widow's Weeds;391990
c88b91c9-475a-3698-86b8-7a9fa07e7a4f;Tristania;Tender Trip On Earth;World Of Glass;318482
2d1198ec-5bb9-379a-8b34-39efd83fd647;Twenty One Pilots;Stressed Out;Blurryface;202000
99313dab-af8f-3b58-b350-fbc2ebafdca6;U2;The Hands That Built America (Theme From 'Gangs f New York');The Best Of 1990-2000;298945
50fe431f-6121-3894-b380-c17c380238bf;Uma2rmaH;В пролесье;В этом городе все сумасшедшие;315000
b441fc57-70ce-384e-bdb8-eca0453199b4;Uma2rmaH;В пролесье;Ночной дозор;307252
bf72413e-767e-3ea6-853b-f0989fcba8f2;Uma2rmaH;Зачем?;Ночной дозор;309342
fca4c1ad-e47c-329c-bc21-e55e85e70ef0;Uma2rmaH;Раненный в висок;Ночной дозор;286354
a1e957c4-6aaf-384f-92ab-d0e718d9bc4f;Uma2rmaH;Ты далеко;Ночной дозор;206942
b439c41b-f1b7-3b9a-8945-7801df39c935;Uma2rmaH;Ты ушла;Ночной дозор;248737
4c29a331-5539-3277-9296-8ec707807aa8;Us3;Cantaloop (Flip Fantasia);Hand On The Torch;279379
f7342161-fff4-3fa1-81a8-0c0abb1a7a7b;Us3;Cantaloop (Flip Fantasia) (feat. Rahsaan & Gerard Presencer);Hand On The Torch;279000
b32d5340-bc10-3064-9a73-740d9614605f;Van Did & Lox D;Elena (Teho Remix);Visceral 036;471000
057b5e35-dfeb-3315-a89f-35a3028d3134;Van Halen;Ain't Talkin' 'Bout Love;Van Halen (Remastered);228436
d8360ae1-82f8-3afa-9a9d-bb2fdb5a1e5b;Vanessa Paradis & -M-;La Seine;La Seine;172512
f28797f6-603e-3791-8cc2-c3d506c75687;Vibe. Lich;1001 Nacht (Le Marin);Hip-Hop Meets World;238576
12f49283-bc07-3342-a757-9a48f83cdb2a;Vitamin String Quartet;Feel Good Inc;Vitamin String Quartet Performs Gorillaz;215000
f8d95b66-19f9-3fe7-96a0-3bbd67d826a4;W.A.S.P.;Miss You;Golgotha;461000
1654b66c-36d8-3b16-83f2-e5bb2969f3ea;W.A.S.P.;I Wanna Be Somebody;W.A.S.P.;223000
e7af3ae0-d5a7-3ae8-ab12-e68bbcad5f1d;Within Temptation;Hand Of Sorrow;The Heart Of Everything;335696
633f127a-e38c-3ad5-a2ca-3a111a085f75;Within Temptation;The Howling;The Heart Of Everything;333110
54fb6e98-1c80-3e7c-89e0-6d2be7c951de;Within Temptation;The Reckoning (feat. Jacoby Shaddix);The Reckoning;251000
b04c4d40-e441-3573-a701-dc83a497575c;Within Temptation;Stand My Ground;The Silent Force;266812
ca9a9448-8aaa-353b-bfb9-80f063360977;Within Temptation;Murder;The Unforgiving;256000
e2298c09-7275-3837-ba04-e67ccc6f903e;Within Temptation;Shot in the Dark;The Unforgiving;302000
0141a54e-c510-30c1-b2ac-901e51fdd8eb;WpX;Downpour (Original Mix);Downpour;436000
9cfceef5-579f-38a0-af8a-65c4f1db94cc;Yo-Yo Ma;Unaccompanied Cello Suite No. 1 in G Major, BWV 1007: Prélude;Play Classical;149184
501269d2-ba9f-37ed-9ae3-f99a3dd6cca4;Yonderboi;People Always Talk About The Weather;Splendid Isolation;298870
4f402191-b615-3c66-b66f-263fc2ada6b8;ZAZ;Je veux;Zaz;215000
65cbccec-6257-3967-b811-4647cb8c7694;ZAZ;Le long de la route;Zaz;206000
48b23dd1-9afc-33e6-8e7b-fb1516ece01a;ZAZ;Prends garde à ta langue;Zaz;221000
dbb3dfa2-f6ec-38c4-bb73-e3823ab6dc86;Zodiac;Provincial Disco;Disco Alliance;262000
37212355-1e51-30ae-9e53-5aeaa186efc4;Zurrue;Voices in My Head (Original Mix);Voices in My Head;390000
d4d2cc9e-945b-3023-a806-4227c81894ca;Zемфира;Мечтой;Четырнадцать недель тишины;233741
e46eb570-7296-3844-88ff-b747d3c88304;Ólafur Arnalds;Lost Song;Found Songs;221020
e7047d84-4e5d-352d-b767-26dcf749451c;Ólafur Arnalds;Fyrsta;Living Room Songs;255997
dba92703-a282-3ec2-bdc7-dae5d15e1157;Ólafur Arnalds;Tomorrow's Song;Living Room Songs;177004
3b64a2d7-76ca-3527-b3d1-1acebf86ba4b;Аквариум;Voulez vous coucher avec moi?;Беспечный русский бродяга;164675
2f7db0ae-0f2a-319a-9221-8a091048e8d6;Аквариум;Брод;Сестра хаос;253734
1fd00c0c-3875-37f7-81ef-416aff5f63ea;Аквариум;Кардиограмма;Сестра Хаос;212420
b4f94687-9e85-3f62-bfa7-149891fcfbe6;Александр Розенбаум;Вальс-бостон;The Best;215000
924abebf-008e-3ec1-a216-c04c54c1b38f;Алиса;Красное на черном;Блок Ада;292490
6d91494b-299a-32e5-af64-d284dad88e64;Алиса;Камикадзе;Для тех, кто свалился с Луны;289071
e47d5981-ab0d-3b37-8f2d-7f474d561271;АлоэВера;Легче;Легче (2014);272000
2ad6ee38-4e61-3c3e-84c2-bcd99672b576;Ана Попович;Unconditional;Unconditional;232000
caee4412-d2e8-3f34-bd9e-4830a4793048;Анастейша;Freak of Nature;Freak of Nature;219000
f5ab0bc1-4ad9-39d4-81e1-0f52cf2dfd60;Анастейша;Paid My Dues;Freak of Nature;200000
9df6fe7a-8cd2-3a91-99d4-af4c1f554477;АнимациЯ;Ванька;Продано не всЁ;160000
ac94b7bd-0055-3d08-a616-1870970469b4;АнимациЯ;Родина;Продано не всЁ;172000
41efbf27-d1a5-35c7-9f1a-fd2afc606d9d;Ария;Грязь;Генератор зла;283765
0bb72928-6a7f-317a-b369-499b9dc53957;Ария;Дьявольский зной;Генератор зла;293561
364f8509-ac97-32b2-b876-8a3cc02bc5cb;Ария;На службе силы зла;Герой асфальта;430833
acf9bd25-4d00-3239-aaa2-266a59a5dbb9;Ария;Тебе Дадут Знак;Химера;533494
4a309430-f227-378a-8243-f844d42c0ec4;Би-2;Вечная призрачная встречная;OST ""О чем говорят мужчины"";311000
414dc676-386d-3763-907b-c39e3d310efc;Би-2;Черный день;OST ""О чем говорят мужчины"";223000
878bc400-e5c7-333f-a73c-fb4ebd303aaa;Би-2;Ярмарка невест;OST ""О чем говорят мужчины"";326000
095144f7-4eae-3f57-9579-7405a47b7bc9;Би-2;Ангелы;Иномарки;331000
6492b1a7-02fa-35c5-af4d-70ba173c4d3c;Би-2;Песок;Иномарки;257000
9ae96aa5-29d4-38ad-9444-bcfe42bcb6d1;Би-2;Революция;Иномарки;216000
17ab34cf-0a41-305f-98df-321a36ae74ff;Би-2;Сердце на волоске;Иномарки;253000
614cc161-e945-366b-b180-45761fae1cc3;Би-2;Скользкие улицы (feat. Brainstorm);Иномарки;339000
96f8a498-76c1-39a2-8271-b1e47416b25c;Би-2;Теряю голову (feat. О. Чехов);Иномарки;274000
1df2dd5d-d39a-35b9-a0c1-29ccd0dd4647;Би-2;Bowie (Acoustic Version);Лунапарк;220000
d19d763f-f925-35e1-b55d-f0b838e8081f;Би-2;Шамбала;Лунапарк;214000
082bd97f-c9aa-34ae-931c-55793809525b;Би-2;Дурочка;Молоко;245054
c204baae-ef88-381c-85c7-cd1718e15eca;Би-2;Ёлочный Сок;Мяу Кисс Ми;235950
4685dade-8e25-33b6-b9e3-7ce20d4db460;Би-2;Flamenco (feat. Carlos Ferreira);Нечётный воин;253000
9e333a9d-61bd-3bb0-a747-333167ed47d4;Би-2;Теперь ты знаешь (feat. D. Sterry);Нечётный воин;282000
953f9ed9-8bf1-360a-8d4d-8e014eaeae59;БоБРы;Думаю всё (feat. Cергей Попов);Stereotest;244374
0f626f5f-b037-3100-93c5-f5072f20e2ac;БоБРы;Тихой сапой (feat. Олег Грабак);Stereotest;335192
13e77fd5-c24d-3201-a213-643259e8645a;Борис Гребенщиков;Тяжёлый рок;Лилит;285000
e7b3d0e7-5385-34e4-af30-d57f7495280e;Бумбокс;Вахтерам;Family бізнес;240000
b383a985-ece4-3fcf-b51c-0f3070867d4a;Василий Уриевский;Не супер;Тыщ-ты-тыщ;224000
141f9f7e-2178-3b49-989f-4b02163a0cb8;Василий Уриевский;Песня ни о чём;Тыщ-ты-тыщ;246000
aefb866e-0f9d-3327-84e4-cdc52b1972d8;Василий Уриевский;Самый лучший начальник;Тыщ-ты-тыщ;202000
0d32c4cd-6e48-37c5-88aa-261752d8e408;Гарик Сукачёв;Дорожная;Реки;314000
3e692146-a42b-36b0-8356-5b6e9c8a6c26;Джози Чарлвуд;Feel Good Inc. (Loopstation Cover);Pieces of Me - Live Album;325000
b385be3e-9a56-3afd-a946-a2116523862b;Джоэл Нильсен;End Credits Part 2;Black Mesa Soundtrack;116000
06c42837-a440-3113-9e3b-88e68c700b0e;Дэвид Хаусден;A Time for Change;Thomas Was Alone (Original Soundtrack);218000
307bfdda-0290-3702-9802-80518dfb44dd;Евгений Гринько;Carousel;Tiny Mouse Tales;131000
b6066ecd-c0ea-3c6c-9aba-78f0c709840d;Жанна Агузарова;Старый отель;Grand Collection: Жанна Агузарова;237662
bf958d53-18df-3051-b234-6d4d4d56954f;Запрещенные барабанщики;Девушка в платье из ситца;Убили негра;163134
2756d22e-d306-310e-b404-5e5ee6b72bfd;Инна Сухорецкая;Весна;;263160
e754e831-159c-3470-93e0-111fca3e5ef6;Инна Сухорецкая;Ночь в октябре;;252107
969635e2-9e4f-3bcf-b218-030193394148;Калинов Мост;Иного Не Надо;Оружие;196987
5775819d-387c-387f-9122-90368aa260b0;Калинов Мост;Родная;Оружие;309574
df6c6c64-2216-36a5-ac95-90cea3f750d6;Камий;La jeune fille aux cheveux blancs;Le fil;136000
f945f773-b331-3375-bc87-d7f04655701d;Линда;Я украду!;АлеАда;184000
77e549ab-b50b-3168-93c2-2f33531b1366;Майк Олдфилд;Ascension;The Songs Of Distant Earth;349000
affe3984-ab71-3dfc-80b8-cc55553ed53e;Майк Олдфилд;Crystal Clear;The Songs Of Distant Earth;342000
82e01fa4-3b05-3a93-8a7c-9bb97b862b69;Майк Олдфилд;Let There Be Light;The Songs Of Distant Earth;297000
95aa5182-238c-3eda-8295-556ab9a4a2d6;Майк Олдфилд;Oceania;The Songs Of Distant Earth;199000
c10f4e24-4d7f-3aa6-a639-604e140bbad1;Майк Олдфилд;Only Time Will Tell;The Songs Of Distant Earth;275000
101fa783-1899-3f44-b504-48b928574fc5;Майк Олдфилд;Tubular World;The Songs Of Distant Earth;204000
2e6b9db9-74ac-3f61-a39d-04a4f977ac7f;Майкл Джексон;Give In to Me;Dangerous;328000
4098ce6d-d25c-3a1d-ad2e-649de35e5209;Майкл Джексон;Billie Jean;Thriller;294000
53d95335-d23d-39bb-8947-9fbecf9a9ce6;Машина Времени;Мой Друг (Лучше Всех Играет Блюз);Внештатный Командир Земли;250000
08755692-5725-3fff-96fd-d2ed9920d6b5;Машина Времени;Она идет по жизни смеясь;;142210
4c2b62bb-bc1b-3ee2-9021-9e2d3d7bfda0;Мел Торме;Secret Agent Man;Right Now!;155000
d7e70a86-5e2e-3f99-ad53-6e6ab6b769e1;Мельница;Королевна;The Best;319000
62c4894f-ac63-3b47-a78b-51688f1259e2;Мельница;А если бы он;Дикие травы;240604
7f2ca00e-d765-3207-8c9a-3ce403342a87;Мельница;Ведьма;Дикие травы;294919
125e761e-a625-3739-a404-9ac98dc187e7;Мельница;Волкодав;Дикие травы;301163
4eaee00c-3859-3588-97b9-17007fdc4c4a;Мельница;Далеко;Дикие травы;253594
e0ffd4ab-0a2a-3ea3-89b6-8bf719f4f9d7;Мельница;Княже;Дикие травы;344682
9b70313f-c183-305b-80bc-3a3fd31eadee;Мельница;Ушба;Дикие травы;304590
e15ef5d9-5d67-34b1-9fb9-e36c02dd9ded;Мельница;Шелкопряд;Дикие травы;253786
2daeb0c5-8df5-31a1-9e2c-2396ea316cbe;Мельница;Воин вереска;Дорога сна;350480
734ea813-e9e1-36dd-8b5e-7594f032284a;Мельница;Горец;Дорога сна;203996
5c0fe89a-61f3-3379-b223-7fc67604fd8c;Мельница;Дорога сна;Дорога сна;192374
4078eb2c-f795-33ae-aaec-d7c3049bf759;Мельница;Зима;Дорога сна;259766
07cc001e-27d0-3568-8f16-0dea0e36aeb0;Мельница;Мора;Дорога сна;250380
7a8c0bc8-7964-3085-9212-d48f7344c5ca;Мельница;На север;Дорога сна;214489
c5d5cea8-3fbe-3463-bf50-9d6077afb890;Мельница;Рапунцель;Дорога сна;161174
ef42f504-d513-3e5f-a63b-02f06ca21107;Мельница;Ворожи;Зов крови;220760
21c4b627-39ec-3fa6-bc91-fd0b448a7e4b;Мельница;Двери Тамерлана;Зов крови;208442
d35bc5c8-7796-337b-b8d3-f44be6997034;Мельница;Дракон;Зов крови;238394
fa07fafe-8a5e-30af-b2fa-28200468d5c1;Мельница;Невеста Полоза;Зов крови;271154
6c9c3aa6-51ac-363d-98bc-e3758373bfcf;Мельница;Огонь;Зов крови;301808
0ace38f1-2cda-3131-a368-20325fe5e95f;Мельница;Сказка О Дьяволе;Зов крови;401054
2a1c8d66-6b16-3056-8434-0e07f8326b54;Мельница;Господин Горных Дорог;Перевал;318798
15bf158c-e923-39ff-9f9b-73bfe431fdfe;Мельница;Королевна;Перевал;869000
34e72edb-8bd9-3749-ad1e-6524adca7181;Мельница;Ночная Кобыла;Перевал;244244
f81710e2-6598-3862-8f62-f17154f83ecd;Наталья Маркова и группа ""Двуречье"";Ветер в облаках;Светозар;259761
0ee30d51-21f6-3176-81db-573e995bd1ac;Николай Гринько;Наши на луне;Наши на луне;281000
37b55104-90ff-343f-85ff-d2df31905ed0;Николь Шерзингер;Everybody;Killer Love (International Version);228000
2dde6979-53f0-3121-bfb7-2b646efcd404;Николь Шерзингер;Poison (New Main Version);Killer Love (International Version);227000
c166d5d7-46f9-3724-a373-b3c06f4390ad;Обе-Рек;Золотая рыбка;Зажигалка;247000
b4628d75-1362-3ab5-8934-7c9255eee7b8;Океан Ельзи;Без бою;Gloria;259000
326bed52-d520-3f91-b745-386aad5f9c15;Океан Ельзи;Коко Шанель;Модель;234260
67cfa5ef-3df0-3db1-b8a3-7fcd20a5b206;Океан Ельзи;Відпусти;Янанебібув;232000
378f651f-c7e9-31ac-aedb-5813894c4369;Океан Ельзи;Той день;Янанебібув;238000
0686c78d-39c9-3313-afe6-8e7beb426219;Океан Ельзи;Фіалки;Янанебібув;222000
768ae37e-b59f-3ddd-8b69-2575faf46509;Ольга Арефьева;Впотьмах;Анатомия;179000
8bf1d753-f995-3a3b-8187-8a681952c5ac;Ольга Арефьева;Мыловар;Колокольчики;254275
a8531cc4-72b2-358c-9073-9796a4cdbf9c;Павел Пиковский и группа ""Хьюго"";Антивоенный джаз (feat. группа Хьюго);Сказки Хьюго;220000
fb6ac30d-8d33-312f-8b9a-9fc5af4f8979;Павел Пиковский и группа ""Хьюго"";Вы обнаружены (feat. группа Хьюго);Сказки Хьюго;247000
f18e74b6-c9b8-3b9c-960a-260cb288e9e1;Павел Пиковский и группа ""Хьюго"";Кали-юга (feat. группа Хьюго);Сказки Хьюго;233000
ebf8aa7f-afd8-3421-ac1a-70ca2aa76a4a;Павел Пиковский и группа ""Хьюго"";Меняй (feat. группа Хьюго);Сказки Хьюго;173000
a20c91e8-ce75-3311-8024-b167465865f6;Павел Пиковский и группа Хьюго;Антивоенный джаз;Живые : Наше (08.04.2014);195395
8b6ec09c-0b3d-32ae-907a-ab8b904e4c4d;Павел Пиковский и группа Хьюго;Небо моё сердце;Живые : Наше (08.04.2014);277681
31464dda-dd10-3468-b331-2060299237b0;Павел Пиковский и группа Хьюго;Радость моя;Живые : Наше (08.04.2014);199549
d1a064d9-4cc4-3a8c-b575-dcf8d6e7117c;Павел Пиковский;Bad Trip;NEOбычная акустика Live (Живые 14.11.2014);191496
ac419f44-b39e-3796-8e0e-b694a6172d44;Павел Пиковский;Меняй;NEOбычная акустика Live (Живые 14.11.2014);147744
d0c01bac-50fd-32d5-9195-158600d62940;Павел Пиковский;Поднялся я и выпрямил хребет... / Радость моя;NEOбычная акустика Live (Живые 14.11.2014);322416
b05b1e8d-0504-3564-a3f1-798b3496219c;Павел Пиковский;Пока мы веселую воду... / Побыть одному;NEOбычная акустика Live (Живые 14.11.2014);343440
4c3c5c93-23d7-37d8-9575-285030d23978;Павел Пиковский;Антивоенный джаз (feat. группа Хьюго);Сказки Хьюго;220001
1e10e6bb-750c-3eb2-8152-a1d41abe8d63;Павел Пиковский;Вы обнаружены (feat. группа Хьюго);Сказки Хьюго;247612
53129689-36db-319d-a1e9-ec48f907c5eb;Павел Пиковский;Кали-юга (feat. группа Хьюго);Сказки Хьюго;233506
a7727c73-681a-3e5c-a108-88bcea6a61ce;Павел Пиковский;Меняй (feat. группа Хьюго);Сказки Хьюго;173242
68819b5f-88c4-3000-a59b-fade0dc1c25e;Павел Пиковский;Небо мое сердце;Сказки Хьюго;278700
f6813e07-8216-3f04-931c-79c3e699eed7;Пикник;Немного огня;Большая игра;252000
fa0b5eb4-6bca-3598-b061-606b17aefb93;Пикник;Твое сердце должно быть моим;Большая игра;263000
fb99cf36-e2c4-3a99-9f8e-7da32e14db3b;Пикник;Говорит и показывает;Говорит и показывает;261000
cf10554c-af68-34f2-a5c3-f3339610862a;Пикник;До Содома далеко;Говорит и показывает;321000
58fbea97-1eb4-394e-a297-f9fe30597cd6;Пикник;Пентакль;Говорит и показывает;308000
307ff5a4-2b87-3d9f-ae52-d9e9ab64632d;Пикник;Серебра!!!;Говорит и показывает;264000
97c4315a-5443-3d9e-981c-1df5fbc0dbc9;Пикник;Я почти итальянец;Говорит и показывает;262000
0827edda-accb-3df0-97f5-8e99c46fede7;Пикник;Вечер;Дым;315000
4a5fd75e-077c-3508-b3bb-8161a9bcb3bf;Пикник;Фиолетово-черный;Египтянин;251000
4d7d7d85-bec0-388b-8682-5055c670b322;Пикник;Иероглиф;Иероглиф;374000
486ba311-a319-3777-91db-2b8ff9e02192;Пикник;Остров;Иероглиф;289000
11c9400c-00a1-37d1-8fa6-07d63c54c345;Пикник;Телефон;Иероглиф;297000
d76817dd-576f-39ab-b1ab-1bcf090f8d39;Пикник;Из коры себе подругу выстругал...;Королевство кривых;263000
2fc87f1a-1df6-3272-8c10-5b7bc8277bf1;Пикник;Когда призрачный свет...;Королевство кривых;314000
7397fe2e-b698-354d-ab9d-b5d3d82f8fde;Пикник;Королевство Кривых;Королевство кривых;290000
453ebe49-63de-3c35-92a6-07a930b133ab;Пикник;У шамана три руки;Королевство кривых;211000
46b4433f-9037-35b6-a2fd-5c9d3c53f369;Пикник;Из мышеловки;Мракобесие и джаз;270000
8cf45602-67a1-34c6-b6eb-3567b058d1dc;Пикник;Великан;Танец волка;300000
ae9176a0-0613-3e9a-989e-5eb449086cac;Пикник;Азбука Морзе;Чужестранец;257000
33496f28-5eb3-353e-aea3-536d8a804e14;Пикник;Азбука Морзе (Single Mix);Чужестранец;257000
e7e74034-697f-3b3e-9353-c2fef08e7a47;Пикник;А может быть и не было меня;Чужой;347000
4a3aa3fb-3d61-32fa-ae31-043a3fdb96b0;Пилар;Молчать (ча-ча-ча);Pilar;224796
e3e73eeb-3152-3ff3-8a47-5c3ded101872;Пилар;Веснушки;Альбом;171548
31bc611e-ffe3-3adf-9aa2-393744648bb1;Пилар;Сердце;Альбом;288756
d0c768e3-7169-3462-808f-e39f8a809cec;Пилар;Питер Пэн;;185640
20028a8b-4617-3d43-a9b8-7c0d151303ef;Разнотравие;Грешник;Каторга;274207
01f7ea84-c4c9-3e07-ab35-597dd4698e2c;Разнотравие;Домовинка;Каторга;270785
4f274f28-69fe-3a52-b9db-25a88c573485;Разнотравие;Каторга;Каторга;231340
3b7933f1-fb44-3240-aa7e-cf43bd7ec61a;Рекорд Оркестр;Гастарбайтер-Буги;#лезгинобалкано;190000
a7345f7a-c29f-316b-b8bc-518253413274;Рекорд Оркестр;Лада Седан;#лезгинобалкано;237000
af70b35b-4344-3657-b3cf-95d334972a1c;Рекорд Оркестр;Три звезды;#лезгинобалкано;234000
a6982416-7971-3ef8-944a-0140dbe60bc4;Ричи Коцен;You Can't Save Me;The Essential Richie Kotzen;257000
c884d40a-fa34-3dea-844c-fa275913ab56;Саймон Макбрайд;Don't Be a Fool;Crossing the Line;227000
210dcb16-390d-3922-8dc7-9abeafdfcbed;Сандра Насич;Fever;The Signal;202000
9219926e-eaf6-3056-af87-7f893d030a51;Сара Коннор;Under My Skin (T.S.O.B. Mix);Under My Skin;194000
d7041042-0410-3cb2-81a6-18784cb2be9d;Сергей Бабкин и K.P.S.S.;Париж;Свинец (Plumbum);227341
35028f95-e18d-39cf-8f54-558d0d33af5a;Слот;Зеркала;4ever;214000
81f69a9a-3156-314e-9315-04b4c1647fb4;Слот;Лего;F5;206000
fc728e07-922b-391b-bd83-d2a3a8d2abe0;Слот;Одинокие Люди;F5;203000
be9085a6-e577-3cfb-a7a6-dcb6bf13f03d;Слот;Сумерки;F5;231000
6ab90782-87dd-354d-8899-39a54d451702;Слот;Ctrl+Z;Septima;249000
777b0e1b-225a-32a8-b80f-50be39b3a744;Слот;Зал ожидания;Septima;233000
4107f4b1-33a0-3ef6-85f8-64de8f67c2c9;Слот;Круги на воде;Septima;281000
6afa442d-60e8-3d96-98f5-8c3048cc923c;Слот;Мочит, как хочет!;Septima;228000
2fa72b0d-1652-35f8-9cf9-5a904cab425b;Слот;Платно;Septima;246000
3110b2cc-8882-3e1c-baa9-738945b1d03b;Слот;Реинкарнация;Septima;231000
51cd2e56-8d87-312f-a798-e6bed76d2f9e;Слот;Страх и агрессия;Septima;239000
6a87a572-e349-3891-8f8c-cd6e555b6d64;Слот;Туда, где небо...;Septima;241000
2794d38c-1895-316b-a2b9-f9d11c8c5d22;Слот;Я знаю;Septima;224000
e2a0e417-00bf-3cb1-b40c-080289303877;Слот;Одни;Slot1;191000
181fec4c-fab2-33db-b613-674869cebb0a;Слот;Предательская;Slot1;234000
f920f4da-45c0-33e4-ac5d-a3921187eba0;Слот;Хаос;Slot1;207000
6771bc15-8580-3d57-88b7-8206ccb7bb63;Слот;2 войны;Две войны (10TH anniversary edition);225000
add5b9f4-3880-32a5-9bc6-1ab06c92f937;Слот;7 звонков;Две войны (10TH anniversary edition);284000
38642996-0b74-362d-8208-32fe640a2c70;Слот;Две Войны;Две Войны;225000
8e17e127-2be9-3ee8-80a3-919013ccfa2b;Слот;Мёртвые Звёзды;Тринити;180000
51496d57-e895-3855-b5e1-0a139ea90a99;Слот;Над Пропастью Во Лжи;Тринити;207000
254bfacc-4456-317d-9d8f-85bb34509145;Слот;Бой!;Шестой;240000
c3799ee4-9cae-384e-b7e3-57bd37f53521;Слот;Три сестры;Шестой;209000
b9e85e93-d8a9-3778-80f6-12c569e19caa;Сплин;Сиануквиль;Реверсивная хроника событий;152000
f1c95649-41cb-3f36-8173-400044ae0b20;Тим Мак-Моррис;It's a Beautiful Day;Alive;134000
383844c8-3b93-333f-8551-df28357c83d3;Тимо Маас;First Day;Pictures;232000
1389c3cf-6b07-3ae3-9c8e-c077f0473735;Тимур Шаов;Любовь к домашним животным;Верните, ТоВАРИщи, оптимизм!;264000
658bf9b8-f264-3f28-a20c-96ea7e19bfce;Тимур Шаов;Суррогаты;Верните, ТоВАРИщи, оптимизм!;193000
c22f764f-2c45-3234-9718-2c82b244fc09;Тимур Шаов;Любовное чтиво;Любовное чтиво;361000
1cfe9147-6344-3d96-a549-3a56dbfc3c2f;Торба-на-Круче;Друг;Так не бывает;300000
593f17d2-7397-3e82-bf98-0d213982b82c;Чиж и Со.;Полонез;;326504
e5f9aff2-d81e-3093-9f4c-4e3b5f291a7d;Энди Тиммонс;Cry for You;That Was Then, This Is Now;415000
6d3362f1-e8b5-3727-95c9-b4b7f28b3638;Энди Тиммонс;Groove or Die;That Was Then, This Is Now;148000
fccc781a-4d7f-307b-b5f8-7584866b1434;Юрий Антонов;Я вспоминаю (Ю. Антонов - Л. Фадеев);Юрий Антонов - Серия «ЗВЁЗДНАЯ КОЛЛЕКЦИЯ» Часть 2;344000
34f00f73-d922-3ab1-b318-446c33fd61bd;Юта;Вольная;Рожь и клевер;165119
13581efd-d6f4-3fda-b926-1742832441c0;Юта;Имя;Рожь и клевер;251297
fcebb395-1008-3c8a-bde9-b3ba522292e6;Юта;Фиолетово-Черный;Рожь и клевер;190772
